Ticker,Sentiment,Impact,Price_Change_Pct,Timestamp,Market_Status
COST,0.41,5.0,-0.006217605165246054,2026-03-16 12:57:34.876890,Midday
GOOGL,0.03999999999999999,5.1,,2026-03-16 12:57:34.876890,Midday
NVDA,0.08000000000000002,4.3,0.02299586281531729,2026-03-16 12:57:34.876890,Midday
TSLA,0.23500000000000001,5.4,0.015153630881791003,2026-03-16 12:57:34.876890,Midday
COST,0.41,5.0,-0.006217605165246054,2026-03-16 14:33:46.677645,Midday
GOOGL,0.03999999999999999,5.1,,2026-03-16 14:33:46.677645,Midday
NVDA,0.08000000000000002,4.3,0.02299586281531729,2026-03-16 14:33:46.677645,Midday
TSLA,0.23500000000000001,5.4,0.015153630881791003,2026-03-16 14:33:46.677645,Midday
COST,0.41,5.0,-0.006217605165246054,2026-03-16 14:34:12.001034,Midday
GOOGL,0.03999999999999999,5.1,,2026-03-16 14:34:12.001034,Midday
NVDA,0.08000000000000002,4.3,0.02299586281531729,2026-03-16 14:34:12.001034,Midday
TSLA,0.23500000000000001,5.4,0.015153630881791003,2026-03-16 14:34:12.001034,Midday
