Ticker,Title,Summary,Publisher,Date,Link,Sentiment_Score,Impact_Score,Sentiment_Reason
GOOGL,Nvidia launches Groq 3 AI chip and CPU server aimed at Intel during GTC 2026,Nvidia on Monday unveiled its new Groq 3 processor and its effort to take on Intel in the CPU space during the chipmaker's GTC event.,Yahoo Finance,2026-03-16T20:05:29Z,https://finance.yahoo.com/news/nvidia-launches-groq-3-ai-chip-and-cpu-server-aimed-at-intel-during-gtc-2026-200529139.html,0,0,Error: Expecting value: line 1 column 1 (char 0)
GOOGL,AI companies continue cross-investment as ROI questions loom,"Bokeh Capital Partners founder and CIO Kimberly Forrest and Freedom Capital Markets managing director Paul Meeks share their thoughts on the trajectory of the AI trade, and at what point return on investment can be expected. This comes after Meta Platforms (META) has inked a $27 billion deal for an AI partnership with Nebius (NBIS).",Yahoo Finance Video,2026-03-16T16:09:44Z,https://finance.yahoo.com/video/ai-companies-continue-cross-investment-160944095.html,0,0,Error: Expecting value: line 1 column 1 (char 0)
GOOGL,Alphabet Eyes Cooling Deals With Chinese Suppliers,Talks highlight supply constraints amid rising AI infrastructure demand,GuruFocus.com,2026-03-17T13:42:18Z,https://finance.yahoo.com/news/alphabet-eyes-cooling-deals-chinese-134218817.html,0,0,Error: Expecting value: line 1 column 1 (char 0)
GOOGL,"Tesla (TSLA) Growth in China Signals Strong Global Demand, EV Sales Surge 91%",Tesla Inc. (NASDAQ:TSLA) ranks among the best FAANG+ stocks to invest in right now. Tesla Inc. (NASDAQ:TSLA) rose more than 1% on March 11 as investors adjusted to strong Chinese sales numbers and rekindled upbeat sentiment among Wall Street experts. Tesla Inc. (NASDAQ:TSLA) reported a solid 91% increase in Chinese electric vehicle sales in February. […],Insider Monkey,2026-03-17T12:42:20Z,https://finance.yahoo.com/news/tesla-tsla-growth-china-signals-124220491.html,0,0,Error: Expecting value: line 1 column 1 (char 0)
GOOGL,Alibaba Just Announced a Business Reorganization. Can It Get the Stock Back on Track?,Alibaba stock has stuttered but the company is betting that a new business unit overseeing all its AI businesses can help revive optimism.,Barrons.com,2026-03-17T12:16:00Z,https://www.barrons.com/articles/alibaba-stock-price-ai-reorganization-earnings-e22407e1?siteid=yhoof2&yptr=yahoo,0,0,Error: Expecting value: line 1 column 1 (char 0)
GOOGL,Alphabet’s (GOOGL) YouTube Growth Drives MoffettNathanson’s Buy Rating,"Alphabet Inc. (NASDAQ:GOOGL) ranks among the best FAANG+ stocks to invest in right now. On March 9, MoffettNathanson restated its Buy rating and $350 price target for Alphabet Inc. (NASDAQ:GOOGL), highlighting YouTube’s standing as the world’s leading media group based on revenue. Based on comparable companies, the firm believes YouTube is worth $500 billion to […]",Insider Monkey,2026-03-17T12:08:14Z,https://finance.yahoo.com/news/alphabet-googl-youtube-growth-drives-120814770.html,0,0,Error: Expecting value: line 1 column 1 (char 0)
GOOGL,Google reveals it is behind big 'Project Cannoli' data center project,The 1-gigawatt data center would be built in Van Buren Township and between I-275 and I-94.,Detroit Free Press,2026-03-17T12:02:18Z,https://www.freep.com/story/money/business/2026/03/17/google-reveals-project-cannoli-data-center/89185890007/,0,0,Error: Expecting value: line 1 column 1 (char 0)
GOOGL,Winklevoss Twins Sell $130M in Bitcoin – What Crypto Investors Should Know,"The Winklevoss twins may be dumping Bitcoin amid the asset’s recent rout, according to blockchain analytics company Arkham. A wallet labeled as belonging to Cameron and Tyler Winklevoss moved $130 million worth of Bitcoin to a deposit wallet on their...",Benzinga,2026-03-17T11:57:15Z,https://finance.yahoo.com/news/winklevoss-twins-sell-130m-bitcoin-115715521.html,0,0,Error: Expecting value: line 1 column 1 (char 0)
GOOGL,"Stock Index Futures Muted as Oil Prices Resume Advance After Iran Strikes, FOMC Meeting in Focus","March S&P 500 E-Mini futures (ESH26) are down -0.02%, and March Nasdaq 100 E-Mini futures (NQH26) are down -0.04% this morning, pointing to a muted open on Wall Street after a tech-led rebound in the prior session as attacks on critical energy infrastructure in the Middle East sparked a fresh climb in oil prices.",Barchart,2026-03-17T10:35:20Z,https://www.barchart.com/story/news/789038/stock-index-futures-dip-as-oil-prices-resume-advance-after-iran-strikes-fomc-meeting-in-focus,0,0,Error: Expecting value: line 1 column 1 (char 0)
GOOGL,Big Tech’s Huge Conglomerate Premium,"Remember when Jack Welch brought good things to life?  During their 1960s heyday, conglomerates were even hotter and they took advantage by using their lofty stock prices to buy hundreds of often unrelated businesses.  “It’s the smart thing to do,” says Que Nguyen, chief investment officer for equity strategies at Research Affiliates.",The Wall Street Journal,2026-03-17T10:31:00Z,https://www.wsj.com/finance/stocks/big-techs-huge-conglomerate-premium-6a6d4370?siteid=yhoof2&yptr=yahoo,0,0,Error: Expecting value: line 1 column 1 (char 0)
COST,Trump tariffs live updates: US explores new tariffs in investigation targeting trading partners,"President Trump's threat to raise global tariffs to 15% from the current 10% rate could kick in this week, according to Treasury Secretary Scott Bessent.",Yahoo Finance,2026-03-13T13:44:43Z,https://finance.yahoo.com/news/live/trump-tariffs-live-updates-us-explores-new-tariffs-in-investigation-targeting-trading-partners-122355219.html,0,0,Error: Expecting value: line 1 column 1 (char 0)
COST,How Kirkland Quietly Became Costco's Most Powerful Moat,"Costco's membership model gets most of the attention, but another advantage is strengthening the company's position.",Motley Fool,2026-03-17T09:45:00Z,https://www.fool.com/investing/2026/03/17/how-kirkland-quietly-became-costcos-most-powerful/,0,0,Error: Expecting value: line 1 column 1 (char 0)
COST,3 Consumer Staples Stocks Built to Create Long-Term Wealth,These stocks can make for great core holdings.,Motley Fool,2026-03-17T04:50:00Z,https://www.fool.com/investing/2026/03/17/3-consumer-staples-stocks-built-to-create-long-ter/,0,0,Error: Expecting value: line 1 column 1 (char 0)
COST,Will Costco Wholesale Stock Join the Trillion-Dollar Club by 2030?,"Costco's stock has been soaring in recent years, and it still possesses some attractive growth potential.",Motley Fool,2026-03-16T22:20:00Z,https://www.fool.com/investing/2026/03/16/will-costco-wholesale-stock-join-the-trillion-doll/,0,0,Error: Expecting value: line 1 column 1 (char 0)
COST,Is It Too Late to Buy Costco?,"After a monster total return of 17,000% in 30 years, investors are asking the right question.",Motley Fool,2026-03-16T19:35:00Z,https://www.fool.com/investing/2026/03/16/is-it-too-late-to-buy-costco/,0,0,Error: Expecting value: line 1 column 1 (char 0)
COST,2 Nasdaq 100 Stocks to Target This Week and 1 That Underwhelm,"The Nasdaq 100 (^NDX) is known for housing some of the most innovative and fastest-growing companies in the market. But not every stock in the index is a winner - some are struggling with slowing growth, increasing competition, or unsustainable valuations.",StockStory,2026-03-16T17:27:47Z,https://finance.yahoo.com/news/2-nasdaq-100-stocks-target-172747807.html,0,0,Error: Expecting value: line 1 column 1 (char 0)
COST,Best Stock to Buy and Hold Forever: Costco vs. Coca-Cola,"With one of these players, you can invest -- and then sit back and relax.",Motley Fool,2026-03-16T16:35:00Z,https://www.fool.com/investing/2026/03/16/best-stock-buy-and-hold-forever-costco-coca-cola/,0,0,Error: Expecting value: line 1 column 1 (char 0)
COST,"You’re paying for Prime, club memberships — but you may be leaving money on the table when it comes to perks",There's no conspiracy. Some memberships may be worth your time (and money).,Moneywise,2026-03-16T12:45:00Z,https://finance.yahoo.com/news/paying-prime-club-memberships-may-124500965.html,0,0,Error: Expecting value: line 1 column 1 (char 0)
COST,"Beat the Market the Zacks Way: IPG Photonics, Celanese, Costco in Focus","IPG Photonics has surged 43.1% since a Zacks Rank #1 upgrade, showcasing how the firm's stock-picking approach is beating a volatile market.",Zacks,2026-03-16T12:43:00Z,https://finance.yahoo.com/news/beat-market-zacks-way-ipg-124300822.html,0,0,Error: Expecting value: line 1 column 1 (char 0)
COST,"Got $1,000? 3 Stocks to Buy in March While They're on Sale.",Here's why these stocks are looking like bargain buys.,Motley Fool,2026-03-16T00:45:00Z,https://www.fool.com/investing/2026/03/15/got-1000-3-stocks-to-buy-in-march-while-theyre-on/,0,0,Error: Expecting value: line 1 column 1 (char 0)
NVDA,Tech stocks today: Nvidia's Jensen Huang kicks off GTC event with $1 trillion forecast,"Live coverage of ""Magnificent Seven"" stocks, and the latest technology news.",Yahoo Finance,2026-03-13T14:42:20Z,https://finance.yahoo.com/news/live/tech-stocks-today-nvidias-jensen-huang-kicks-off-gtc-event-with-1-trillion-forecast-144220827.html,0,0,Error: Expecting value: line 1 column 1 (char 0)
NVDA,How Nvidia expects NemoClaw platform to fuel AI agent growth,Catalyst Funds CIO David Miller and Lopez Research founder Maribel Lopez comes on Asking for a Trend to discuss further takeaways from Nvidia's (NVDA) GTC 2026 event coming off of CEO Jensen Huang's keynote address on Monday.,Yahoo Finance Video,2026-03-16T21:47:05Z,https://finance.yahoo.com/video/nvidia-expects-nemoclaw-platform-fuel-214705348.html,0,0,Error: Expecting value: line 1 column 1 (char 0)
NVDA,Nvidia launches Groq 3 AI chip and CPU server aimed at Intel during GTC 2026,Nvidia on Monday unveiled its new Groq 3 processor and its effort to take on Intel in the CPU space during the chipmaker's GTC event.,Yahoo Finance,2026-03-16T20:05:29Z,https://finance.yahoo.com/news/nvidia-launches-groq-3-ai-chip-and-cpu-server-aimed-at-intel-during-gtc-2026-200529139.html,0,0,Error: Expecting value: line 1 column 1 (char 0)
NVDA,AI companies continue cross-investment as ROI questions loom,"Bokeh Capital Partners founder and CIO Kimberly Forrest and Freedom Capital Markets managing director Paul Meeks share their thoughts on the trajectory of the AI trade, and at what point return on investment can be expected. This comes after Meta Platforms (META) has inked a $27 billion deal for an AI partnership with Nebius (NBIS).",Yahoo Finance Video,2026-03-16T16:09:44Z,https://finance.yahoo.com/video/ai-companies-continue-cross-investment-160944095.html,0,0,Error: Expecting value: line 1 column 1 (char 0)
NVDA,Nvidia Targets $1 Trillion AI Chip Opportunity by 2027,Company expands into inference computing with new CPU and AI systems,GuruFocus.com,2026-03-17T13:45:45Z,https://finance.yahoo.com/news/nvidia-targets-1-trillion-ai-134545004.html,0,0,Error: Expecting value: line 1 column 1 (char 0)
NVDA,Bitcoin Is Down 42%. Here Are 3 Reasons Why It's a No-Brainer Buy in March.,"With a negative narrative surrounding Bitcoin, it's time for investors to focus on the most important factors.",Motley Fool,2026-03-17T13:45:00Z,https://www.fool.com/investing/2026/03/17/bitcoin-down-3-reasons-why-no-brainer-buy-march/,0,0,Error: Expecting value: line 1 column 1 (char 0)
NVDA,Nvidia Pushes Further Into Real World AI,STM partnership targets robotics and automation,GuruFocus.com,2026-03-17T13:39:59Z,https://finance.yahoo.com/news/nvidia-pushes-further-real-world-133959119.html,0,0,Error: Expecting value: line 1 column 1 (char 0)
NVDA,4 Dividend Stocks to Double Up On Right Now,These companies should continue growing their high-yielding dividends.,Motley Fool,2026-03-17T13:35:00Z,https://www.fool.com/investing/2026/03/17/4-dividend-stocks-to-double-up-on-right-now/,0,0,Error: Expecting value: line 1 column 1 (char 0)
NVDA,Microsoft's New $99 Copilot Tier Points to a High-Stakes AI Monetization Push,Microsoft needs more paying Copilot customers.,Motley Fool,2026-03-17T13:20:00Z,https://www.fool.com/investing/2026/03/17/microsofts-new-99-copilot-tier-ai-monetization/,0,0,Error: Expecting value: line 1 column 1 (char 0)
NVDA,2 High-Flying Stocks with Competitive Advantages and 1 We Brush Off,"""You get what you pay for"" often applies to expensive stocks with best-in-class business models and execution. While their quality can sometimes justify the premium, they typically experience elevated volatility during market downturns when expectations change.",StockStory,2026-03-17T13:17:02Z,https://finance.yahoo.com/news/2-high-flying-stocks-competitive-131702555.html,0,0,Error: Expecting value: line 1 column 1 (char 0)
TSLA,This founder of solar-powered car company said it can grow faster than a young Tesla,Aptera Motors is giving it a go on the solar-powered car front.,Yahoo Finance,2026-03-17T13:34:22Z,https://finance.yahoo.com/news/this-founder-of-solar-powered-car-company-said-it-can-grow-faster-than-a-young-tesla-133422729.html,0,0,Error: Expecting value: line 1 column 1 (char 0)
TSLA,Tesla Signs $4.3B Battery Deal With LG Energy Solution,Agreement supports U.S. battery production and supply chain expansion,GuruFocus.com,2026-03-17T13:43:51Z,https://finance.yahoo.com/news/tesla-signs-4-3b-battery-134351829.html,0,0,Error: Expecting value: line 1 column 1 (char 0)
TSLA,"DraftKings, Eli Lilly downgraded: Wall Street's top analyst calls","DraftKings, Eli Lilly downgraded: Wall Street's top analyst calls",The Fly,2026-03-17T13:33:56Z,https://finance.yahoo.com/news/draftkings-eli-lilly-downgraded-wall-133356253.html,0,0,Error: Expecting value: line 1 column 1 (char 0)
TSLA,"How Will Tesla Sales, TSLA Stock Be Impacted By Crude Oil Prices Due To Iran War? Gary Black Says Lays Down The Math","As Brent crude prices surpass $100 per barrel due to the ongoing Iran war, The Future Fund LLC's Managing Partner, Gary Black, laid out the math about the potential impact on Tesla Inc.'s sales and stock. Will Tesla Benefit From Rising Crude Oil Prices? Black explained in a post on X the potential effects of Brent crude prices on Tesla sales, stating that they should theoretically rise due to rising crude oil prices. However, Black noted that once geopolitical tensions ease, oil prices might dec",Benzinga,2026-03-17T13:30:59Z,https://finance.yahoo.com/news/tesla-sales-tsla-stock-impacted-133059109.html,0,0,Error: Expecting value: line 1 column 1 (char 0)
TSLA,Tesla Plans Battery Factory With LG. Elon Musk Says This About Roadster.,"Tesla and LG Energy Solutions will build a factory for battery cells in Lansing, Michigan. CEO Elon Musk teased gave an updated on production of the new Roadster model.",Investor's Business Daily,2026-03-17T13:02:19Z,https://www.investors.com/news/tesla-stock-roadster-elon-musk-lg-energy-solutions-battery-electric-vehicles/?src=A00220&yptr=yahoo,0,0,Error: Expecting value: line 1 column 1 (char 0)
TSLA,"Tesla (TSLA) Growth in China Signals Strong Global Demand, EV Sales Surge 91%",Tesla Inc. (NASDAQ:TSLA) ranks among the best FAANG+ stocks to invest in right now. Tesla Inc. (NASDAQ:TSLA) rose more than 1% on March 11 as investors adjusted to strong Chinese sales numbers and rekindled upbeat sentiment among Wall Street experts. Tesla Inc. (NASDAQ:TSLA) reported a solid 91% increase in Chinese electric vehicle sales in February. […],Insider Monkey,2026-03-17T12:42:20Z,https://finance.yahoo.com/news/tesla-tsla-growth-china-signals-124220491.html,0,0,Error: Expecting value: line 1 column 1 (char 0)
TSLA,1 Industrials Stock Worth Your Attention and 2 We Turn Down,"Whether you see them or not, industrials businesses play a crucial part in our daily activities. Their momentum is also rising as lower interest rates have incentivized higher capital spending, and as a result, the industry has posted a six-month gain of 6.2%. This was a good place to be as the S&P 500 was stuck in neutral.",StockStory,2026-03-17T12:31:27Z,https://finance.yahoo.com/news/1-industrials-stock-worth-attention-123127956.html,0,0,Error: Expecting value: line 1 column 1 (char 0)
TSLA,BofA Initiates Buy on Tesla (TSLA) as Robotaxi Operations Expand Across Multiple Markets,"Tesla Inc. (NASDAQ:TSLA) ranks among the best growth stocks to buy and hold for the long term. On March 4, BofA Securities began coverage of Tesla Inc. (NASDAQ:TSLA) with a Buy rating and a $460 price target. According to the firm, Tesla Inc. (NASDAQ:TSLA) is “at the forefront of autonomous driving,” thanks to a camera-only […]",Insider Monkey,2026-03-17T12:07:41Z,https://finance.yahoo.com/news/bofa-initiates-buy-tesla-tsla-120741506.html,0,0,Error: Expecting value: line 1 column 1 (char 0)
TSLA,Tesla to Build $4.3 Billion Battery Plant in U.S. It Can Boost the Slumping Stock.,Elon Musk’s EV maker and South Korea’s LG Energy Solution will build a manufacturing facility in Michigan.,Barrons.com,2026-03-17T12:05:00Z,https://www.barrons.com/articles/tesla-stock-price-building-battery-plant-aea319de?siteid=yhoof2&yptr=yahoo,0,0,Error: Expecting value: line 1 column 1 (char 0)
TSLA,Tesla’s Biggest Threat Is Nvidia,"On Monday, at  Nvidia’s  annual GTC conference, CEO Jensen Huang projected $1 trillion in AI infrastructure demand between 2025 and 2027.  It’s an incredible figure that means business for a host of companies, including Nvidia.  The biggest loser in Huang’s scenario, however, might just be  Tesla  with Nvidia’s autonomous driving solutions chipping away at a core part of investors’ reason for owning stock in Elon Musk’s EV maker.",Barrons.com,2026-03-17T11:40:00Z,https://www.barrons.com/articles/tesla-stock-price-threat-nvidia-01d0de2a?siteid=yhoof2&yptr=yahoo,0,0,Error: Expecting value: line 1 column 1 (char 0)
