Date,Ticker,Avg_Intensity,Median_Intensity,Intensity_Std,Avg_Disagreement,Negative,Positive,Net_Count
2014-11-22,TSLA,0.0,0.0,,0.0,0.0,0.0,0.0
2015-06-04,COST,0.0,0.0,,0.0,0.0,0.0,0.0
2015-06-04,GOOGL,0.0,0.0,,0.0,0.0,0.0,0.0
2015-06-05,QQQ,0.0,0.0,,0.0,0.0,0.0,0.0
2015-06-18,GOOGL,0.0,0.0,,0.0,0.0,0.0,0.0
2015-11-09,QQQ,0.0,0.0,,0.0,0.0,0.0,0.0
2016-06-03,NVDA,0.0,0.0,,0.0,0.0,0.0,0.0
2016-07-27,GOOGL,0.0,0.0,,0.0,0.0,0.0,0.0
2016-07-28,GOOGL,0.0,0.0,,0.0,0.0,0.0,0.0
2016-08-16,AMD,0.0,0.0,,0.0,0.0,0.0,0.0
2016-08-18,GOOGL,0.0,0.0,,0.0,0.0,0.0,0.0
2016-12-09,AMD,0.0,0.0,,0.0,0.0,0.0,0.0
2017-04-30,GOOGL,0.0,0.0,,0.0,0.0,0.0,0.0
2017-05-20,QQQ,0.0,0.0,,0.0,0.0,0.0,0.0
2017-05-21,TSLA,0.0,0.0,,0.0,0.0,0.0,0.0
2017-05-24,GOOGL,0.0,0.0,,0.0,0.0,0.0,0.0
2017-06-08,^VIX,0.0,0.0,,0.0,0.0,0.0,0.0
2017-06-26,TSLA,0.0,0.0,,0.0,0.0,0.0,0.0
2017-06-27,AMD,0.0,0.0,,0.0,0.0,0.0,0.0
2017-07-19,^VIX,0.0,0.0,,0.0,0.0,0.0,0.0
2017-07-26,AMD,0.0,0.0,,0.0,0.0,0.0,0.0
2017-07-31,GOOGL,0.0,0.0,,0.0,0.0,0.0,0.0
2017-09-02,QQQ,0.0,0.0,,0.0,0.0,0.0,0.0
2017-10-27,^VIX,0.0,0.0,,0.0,0.0,0.0,0.0
2017-11-15,COST,0.0,0.0,,0.0,0.0,0.0,0.0
2018-02-18,TSLA,0.0,0.0,,0.0,0.0,0.0,0.0
2018-06-20,AMD,0.0,0.0,0.0,0.0,0.0,0.0,0.0
2018-06-20,COST,0.0,0.0,,0.0,0.0,0.0,0.0
2018-06-21,AMD,0.0,0.0,,0.0,0.0,0.0,0.0
2018-06-30,QQQ,0.0,0.0,,0.0,0.0,0.0,0.0
2018-10-22,AMD,0.0,0.0,,0.0,0.0,0.0,0.0
2018-10-30,QQQ,0.0,0.0,,0.0,0.0,0.0,0.0
2018-11-29,AMD,0.0,0.0,,0.0,0.0,0.0,0.0
2019-02-27,COST,0.0,0.0,,0.0,0.0,0.0,0.0
2019-03-10,TSLA,0.0,0.0,,0.0,0.0,0.0,0.0
2019-03-31,TSLA,0.0,0.0,,0.0,0.0,0.0,0.0
2019-08-02,TSLA,0.0,0.0,,0.0,0.0,0.0,0.0
2019-08-12,^VIX,0.0,0.0,,0.0,0.0,0.0,0.0
2019-12-20,^VIX,0.0,0.0,,0.0,0.0,0.0,0.0
2020-03-02,QQQ,0.0,0.0,,0.0,0.0,0.0,0.0
2020-04-28,AMD,0.2,0.2,,5.551115123125783e-17,0.0,1.0,1.0
2020-04-29,AMD,0.0,0.0,,0.0,0.0,0.0,0.0
2020-05-02,AMD,0.0,0.0,,0.0,0.0,0.0,0.0
2020-08-08,AMD,0.0,0.0,,0.0,0.0,0.0,0.0
2020-08-10,AMD,0.0,0.0,,0.0,0.0,0.0,0.0
2020-08-11,GOOGL,0.0,0.0,,0.0,0.0,0.0,0.0
2020-08-14,NVDA,0.0,0.0,,0.0,0.0,0.0,0.0
2020-12-01,AMD,0.0,0.0,,0.0,0.0,0.0,0.0
2020-12-01,TSLA,0.0,0.0,,0.0,0.0,0.0,0.0
2020-12-02,GOOGL,0.0,0.0,,0.0,0.0,0.0,0.0
2020-12-20,^VIX,0.0,0.0,,0.0,0.0,0.0,0.0
2021-01-21,COST,0.0,0.0,,0.0,0.0,0.0,0.0
2021-03-06,COST,0.0,0.0,,0.0,0.0,0.0,0.0
2021-03-06,GOOGL,0.0,0.0,,0.0,0.0,0.0,0.0
2021-03-06,TSLA,0.0,0.0,,0.0,0.0,0.0,0.0
2021-03-15,AMD,0.0,0.0,,0.0,0.0,0.0,0.0
2021-06-22,QQQ,0.0,0.0,,0.0,0.0,0.0,0.0
2021-06-23,TSLA,0.13999999999999999,0.3,0.4219004621945797,8.881784197001253e-17,2.0,3.0,1.0
2021-06-24,TSLA,0.3,0.3,,5.551115123125783e-17,0.0,1.0,1.0
2021-06-27,QQQ,0.0,0.0,,0.0,0.0,0.0,0.0
2021-07-13,AMD,0.0,0.0,,0.0,0.0,0.0,0.0
2021-07-13,TSLA,0.0,0.0,,0.0,0.0,0.0,0.0
2021-07-15,NVDA,0.2,0.2,,5.551115123125783e-17,0.0,1.0,1.0
2021-11-02,TSLA,0.0,0.0,,0.0,0.0,0.0,0.0
2022-01-11,QQQ,0.0,0.0,,0.0,0.0,0.0,0.0
2022-03-27,QQQ,0.0,0.0,,0.0,0.0,0.0,0.0
2022-05-03,QQQ,0.0,0.0,,0.0,0.0,0.0,0.0
2022-06-03,QQQ,0.0,0.0,0.0,0.0,0.0,0.0,0.0
2022-07-02,QQQ,0.0,0.0,,0.0,0.0,0.0,0.0
2022-10-04,QQQ,0.0,0.0,,0.0,0.0,0.0,0.0
2022-11-06,AMD,0.0,0.0,,0.0,0.0,0.0,0.0
2022-11-07,AMD,0.0,0.0,,0.0,0.0,0.0,0.0
2023-02-08,AMD,0.0,0.0,,0.0,0.0,0.0,0.0
2023-02-17,QQQ,0.0,0.0,,0.0,0.0,0.0,0.0
2023-04-21,GOOGL,0.4,0.4,,0.02494438257849295,0.0,1.0,1.0
2023-05-23,QQQ,0.0,0.0,,0.0,0.0,0.0,0.0
2023-07-19,^VIX,0.0,0.0,,0.0,0.0,0.0,0.0
2023-09-01,TSLA,0.4,0.4,,1.1102230246251565e-16,0.0,1.0,1.0
2023-09-15,GOOGL,0.0,0.0,,0.0,0.0,0.0,0.0
2023-09-24,^VIX,0.0,0.0,,0.0,0.0,0.0,0.0
2023-10-13,TSLA,0.1,0.1,,2.7755575615628914e-17,0.0,1.0,1.0
2023-11-15,GOOGL,0.0,0.0,,0.0,0.0,0.0,0.0
2023-12-01,QQQ,0.6,0.6,,1.1102230246251565e-16,0.0,1.0,1.0
2023-12-31,NVDA,0.4,0.4,,1.1102230246251565e-16,0.0,1.0,1.0
2024-02-28,QQQ,0.0,0.0,,0.0,0.0,0.0,0.0
2024-03-21,QQQ,0.0,0.0,,0.0,0.0,0.0,0.0
2024-03-25,AMD,0.0,0.0,,0.0,0.0,0.0,0.0
2024-05-30,GOOGL,0.25,0.35,0.23804761428476168,0.01178511301977586,1.0,3.0,2.0
2024-05-31,AMD,0.7,0.7,0.1414213562373096,1.6653345369377348e-16,0.0,2.0,2.0
2024-05-31,GOOGL,0.4,0.4,,1.1102230246251565e-16,0.0,1.0,1.0
2024-06-01,GOOGL,-0.3,-0.3,,5.551115123125783e-17,1.0,0.0,-1.0
2024-06-28,QQQ,0.0,0.0,,0.0,0.0,0.0,0.0
2024-08-13,^VIX,0.0,0.0,,0.0,0.0,0.0,0.0
2024-08-24,QQQ,0.0,0.0,,0.0,0.0,0.0,0.0
2024-08-24,^VIX,0.0,0.0,,0.0,0.0,0.0,0.0
2024-09-05,COST,0.0,0.0,,0.0,0.0,0.0,0.0
2024-09-05,QQQ,0.0,0.0,,0.0,0.0,0.0,0.0
2024-09-07,COST,-0.1,-0.1,,2.7755575615628914e-17,1.0,0.0,-1.0
2024-11-14,TSLA,0.6,0.6,,1.1102230246251565e-16,0.0,1.0,1.0
2024-12-02,TSLA,0.2,0.2,,0.048989794855663564,0.0,1.0,1.0
2024-12-10,COST,0.0,0.0,,0.0,0.0,0.0,0.0
2024-12-15,TSLA,0.4,0.4,,1.1102230246251565e-16,0.0,1.0,1.0
2025-01-11,AMD,0.0,0.0,,0.0,0.0,0.0,0.0
2025-02-01,^VIX,0.0,0.0,,0.0,0.0,0.0,0.0
2025-03-11,QQQ,0.0,0.0,,0.0,0.0,0.0,0.0
2025-04-12,QQQ,0.0,0.0,,0.0,0.0,0.0,0.0
2025-05-12,TSLA,-0.4,-0.4,,1.1102230246251565e-16,1.0,0.0,-1.0
2025-05-29,TSLA,0.2,0.2,,5.551115123125783e-17,0.0,1.0,1.0
2025-06-03,TSLA,-0.3,-0.3,,0.04898979485566356,1.0,0.0,-1.0
2025-06-08,QQQ,0.0,0.0,0.0,0.0,0.0,0.0,0.0
2025-07-01,QQQ,0.0,0.0,,0.0,0.0,0.0,0.0
2025-07-05,AMD,0.0,0.0,,0.0,0.0,0.0,0.0
2025-07-05,GOOGL,0.0,0.0,,0.0,0.0,0.0,0.0
2025-08-15,GOOGL,0.0,0.0,,0.0,0.0,0.0,0.0
2025-08-27,COST,0.1,0.1,,2.7755575615628914e-17,0.0,1.0,1.0
2025-09-30,TSLA,0.0,0.0,,0.0,0.0,0.0,0.0
2025-10-27,TSLA,0.0,0.0,,0.0,0.0,0.0,0.0
2025-11-04,GOOGL,0.6,0.6,,0.04714045207910316,0.0,1.0,1.0
2025-11-13,TSLA,0.0,0.0,,0.0,0.0,0.0,0.0
2025-11-18,GOOGL,-0.4,-0.4,,1.1102230246251565e-16,1.0,0.0,-1.0
2025-11-18,TSLA,0.0,0.0,,0.0,0.0,0.0,0.0
2025-11-23,QQQ,0.0,0.0,,0.0,0.0,0.0,0.0
2025-12-03,TSLA,0.0,0.0,,0.0,0.0,0.0,0.0
2025-12-05,TSLA,0.1,0.1,,2.7755575615628914e-17,0.0,1.0,1.0
2025-12-28,QQQ,0.0,0.0,,0.0,0.0,0.0,0.0
2026-01-22,QQQ,0.0,0.0,,0.0,0.0,0.0,0.0
2026-01-29,GOOGL,0.0,0.0,0.0,0.0,0.0,0.0,0.0
2026-01-30,GOOGL,0.0,0.0,0.0,0.0,0.0,0.0,0.0
2026-02-01,GOOGL,0.0,0.0,,0.0,0.0,0.0,0.0
2026-02-18,GOOGL,0.0,0.0,,0.0,0.0,0.0,0.0
2026-03-13,GOOGL,0.32,0.3,0.4868264577855234,0.13366088207690058,1.0,3.0,2.0
2026-03-13,NVDA,0.33125000000000004,0.325,0.44153749234108897,0.13941353754606306,2.0,5.0,3.0
2026-03-13,TSLA,0.55,0.55,,0.23853720883753124,0.0,1.0,1.0
2026-03-13,^VIX,-0.05,-0.05,0.21213203435596428,0.1904925170740966,1.0,1.0,0.0
2026-03-15,^VIX,-0.8,-0.8,,0.029999999999999995,1.0,0.0,-1.0
2026-03-16,^VIX,-0.03333333333333333,0.0,0.1527525231651947,0.2638273239430538,1.0,1.0,0.0
2026-03-17,COST,0.6833333333333335,0.8,0.38686776379877746,0.07650910410784234,1.0,5.0,4.0
2026-03-17,NVDA,0.9,0.9,0.0,0.04029051525965407,0.0,2.0,2.0
2026-03-17,^VIX,-0.3,-0.3,,0.22601007843801027,1.0,0.0,-1.0
2026-03-18,COST,0.4428571428571429,0.7,0.42370250120079483,0.08884389532723691,1.0,5.0,4.0
2026-03-18,GOOGL,-0.07766666666666665,-0.115,0.4436249488454129,0.18199199656764695,9.0,4.0,-5.0
2026-03-18,NVDA,0.19722222222222224,0.0,0.4641476128732623,0.12294030615854143,4.0,8.0,4.0
2026-03-18,TSLA,0.21428571428571427,0.0,0.5586482901503522,0.11742960130979864,6.0,6.0,0.0
2026-03-18,^VIX,-0.20000000000000004,-0.2,0.0,0.2149156631707402,3.0,0.0,-3.0
2026-03-19,COST,0.5666666666666668,0.8,0.40414518843273806,0.14377590634410667,0.0,3.0,3.0
2026-03-19,GOOGL,0.6100000000000001,0.8,0.35730472522297635,0.14638624777100506,1.0,9.0,8.0
2026-03-19,NVDA,0.005,0.0,0.10124228365658294,0.11559650094070162,2.0,2.0,0.0
2026-03-19,TSLA,0.28,0.35000000000000003,0.5788878225624643,0.12371916550053677,5.0,5.0,0.0
2026-03-20,COST,0.4,0.4,0.5656854249492381,0.23790705744138108,0.0,1.0,1.0
2026-03-20,^VIX,-0.4,-0.35,0.31622776601683794,0.19050621241949423,4.0,0.0,-4.0
2026-03-21,COST,0.55,0.8,0.45276925690687087,0.09600408175825362,1.0,4.0,3.0
2026-03-22,COST,0.5,0.8,0.608276253029822,0.11790258304056302,1.0,2.0,1.0
2026-03-22,GOOGL,0.6599999999999999,0.8,0.30258148581093913,0.17641575240302626,0.0,10.0,10.0
2026-03-22,NVDA,0.305,0.0,0.48215373297551295,0.14647306805078175,4.0,4.0,0.0
2026-03-22,TSLA,0.26,0.05,0.47656176001764045,0.14150076393727523,4.0,5.0,1.0
2026-03-22,^VIX,-0.4,-0.4,,0.4770394812451761,1.0,0.0,-1.0
2026-03-23,COST,0.8,0.8,,0.03590109871423001,0.0,1.0,1.0
2026-03-23,^VIX,-0.3666666666666667,-0.2,0.37859388972001823,0.15643491164806933,3.0,0.0,-3.0
2026-03-24,COST,0.5666666666666667,0.75,0.38815804341359034,0.11564706689558607,1.0,5.0,4.0
2026-03-24,GOOGL,0.9,0.9,,0.1801542548916221,0.0,1.0,1.0
2026-03-24,NVDA,0.8,0.8,0.1414213562373096,0.1825775791382601,0.0,2.0,2.0
2026-03-24,TSLA,-0.2,-0.2,,0.13063945294843615,1.0,0.0,-1.0
2026-03-24,^VIX,-0.11666666666666668,-0.1,0.07637626158259735,0.17865652913503008,3.0,0.0,-3.0
2026-03-25,COST,0.5333333333333333,0.6,0.40414518843273806,0.20655891129405543,0.0,3.0,3.0
2026-03-25,GOOGL,0.3611111111111111,0.1,0.4371625682868,0.09875216386060137,1.0,6.0,5.0
2026-03-25,NVDA,0.35714285714285715,0.0,0.47908643220593244,0.1139688658424171,1.0,3.0,2.0
2026-03-25,TSLA,0.3333333333333333,0.2,0.4153311931459038,0.1549983532275118,2.0,6.0,4.0
2026-03-25,^VIX,-0.25,-0.25,0.07071067811865474,0.20656424605415427,2.0,0.0,-2.0
2026-03-26,COST,0.48750000000000004,0.7,0.5139135558215436,0.18510373039153377,1.0,7.0,6.0
2026-03-26,GOOGL,-0.65,-0.65,0.21213203435596428,0.2575447174344745,2.0,0.0,-2.0
2026-03-26,NVDA,-0.1,-0.1,,0.11813363431112898,1.0,0.0,-1.0
2026-03-26,^VIX,-0.43333333333333335,-0.3,0.32145502536643183,0.2305072618923011,3.0,0.0,-3.0
2026-03-27,COST,-0.025,-0.025,0.03535533905932738,0.10823163275528155,1.0,0.0,-1.0
2026-03-27,GOOGL,0.1857142857142857,0.0,0.43369947901195144,0.11932600301395858,3.0,3.0,0.0
2026-03-27,NVDA,-0.14375,-0.07500000000000001,0.18015370421630844,0.16258668233104773,5.0,0.0,-5.0
2026-03-27,TSLA,-0.024999999999999977,-0.15000000000000002,0.48261440785234194,0.1401302430675636,7.0,3.0,-4.0
2026-03-27,^VIX,-0.43125,-0.25,0.3081482713611374,0.22960549300118518,8.0,0.0,-8.0
2026-03-28,^VIX,-0.8,-0.8,,0.04681523968396046,1.0,0.0,-1.0
2026-03-29,GOOGL,-0.8,-0.8,,0.04818944098266989,1.0,0.0,-1.0
2026-03-30,COST,0.65,0.8,0.40069384267237695,0.1272728798012,1.0,8.0,7.0
2026-03-30,GOOGL,0.19444444444444445,0.05,0.49878938408230244,0.13572452002204852,4.0,9.0,5.0
2026-03-30,NVDA,0.015625,-0.05,0.47529596042886796,0.1395575367426503,8.0,4.0,-4.0
2026-03-30,TSLA,0.015384615384615382,-0.2,0.5913912323864717,0.19524362723825625,8.0,5.0,-3.0
2026-03-30,^VIX,-0.5,-0.5,0.42426406871192857,0.22045577326904864,2.0,0.0,-2.0
2026-03-31,COST,0.6857142857142858,0.8,0.34846602621858486,0.06013677836396395,1.0,6.0,5.0
2026-03-31,GOOGL,0.028703703703703714,0.0,0.5337955395679868,0.14695867420373981,13.0,9.0,-4.0
2026-03-31,NVDA,0.42602941176470593,0.6875,0.4543289747424796,0.15266811852298176,6.0,20.0,14.0
2026-03-31,TSLA,0.14761904761904762,0.0,0.4851484799719027,0.1885299391844816,9.0,8.0,-1.0
2026-03-31,^VIX,-0.5,-0.5,,0.27082692300106026,1.0,0.0,-1.0
2026-04-01,COST,0.2875,0.0,0.4617674378587848,0.12945029509025557,3.0,4.0,1.0
2026-04-01,GOOGL,0.0,0.0,,0.04229525846816507,0.0,0.0,0.0
2026-04-01,^VIX,-0.03333333333333333,-0.1,0.11547005383792516,0.2627595673491718,2.0,1.0,-1.0
2026-04-02,COST,0.30000000000000004,0.30000000000000004,0.7071067811865476,0.08905297938278685,1.0,1.0,0.0
2026-04-02,GOOGL,0.35555555555555557,0.3,0.3972125095937662,0.18848659853577632,1.0,6.0,5.0
2026-04-02,NVDA,0.061111111111111116,0.0,0.2913093048824756,0.12620954480499738,3.0,3.0,0.0
2026-04-02,TSLA,-0.15555555555555556,-0.2,0.4333333333333334,0.09190584870691706,7.0,1.0,-6.0
2026-04-02,^VIX,-0.8,-0.8,,0.21216476825545028,1.0,0.0,-1.0
2026-04-03,COST,0.52,0.8,0.40865633483405106,0.1231911978327537,1.0,4.0,3.0
2026-04-03,^VIX,-0.1,-0.1,,0.28923270139380075,1.0,0.0,-1.0
2026-04-04,COST,0.23333333333333336,0.0,0.4932882862316248,0.12008390284971081,1.0,1.0,0.0
2026-04-04,GOOGL,-0.16,-0.1,0.19493588689617927,0.13714024581301182,4.0,0.0,-4.0
2026-04-04,TSLA,0.32999999999999996,0.6499999999999999,0.6360031446463138,0.17554443782843457,2.0,3.0,1.0
2026-04-05,COST,0.8,0.8,,0.045000000000000005,0.0,1.0,1.0
2026-04-05,GOOGL,0.020000000000000007,-0.2,0.4494441010848847,0.13052165284538786,3.0,1.0,-2.0
2026-04-05,NVDA,0.04,0.0,0.46714261443612937,0.14684716498568534,4.0,2.0,-2.0
2026-04-05,TSLA,0.27999999999999997,0.6,0.5890670590009256,0.2427987793665906,2.0,3.0,1.0
2026-04-05,^VIX,-0.1,-0.1,,0.2547329756605707,1.0,0.0,-1.0
2026-04-06,^VIX,-0.2,-0.2,,0.23478122203920448,1.0,0.0,-1.0
2026-04-07,COST,0.26,0.1,0.5079370039680118,0.1109362179704351,2.0,3.0,1.0
2026-04-07,GOOGL,0.8,0.8,,0.3565420342992145,0.0,1.0,1.0
2026-04-07,NVDA,0.45,0.45,0.6363961030678927,0.03339110770377696,0.0,1.0,1.0
2026-04-07,TSLA,0.8,0.8,,0.053748384988656986,0.0,1.0,1.0
2026-04-07,^VIX,-0.13333333333333333,-0.2,0.11547005383792516,0.16081265114336257,2.0,0.0,-2.0
2026-04-08,COST,-0.125,-0.2,0.29860788111948194,0.23516058238933674,3.0,1.0,-2.0
2026-04-08,GOOGL,0.52,0.8,0.40503411162388203,0.12382100710155808,1.0,15.0,14.0
2026-04-08,NVDA,0.2256923076923077,0.0,0.44382255636511025,0.13690012756439615,8.0,11.0,3.0
2026-04-08,TSLA,0.25441176470588234,0.1,0.4918265775178698,0.12418721940024643,4.0,10.0,6.0
2026-04-08,^VIX,-0.13999999999999999,-0.1,0.6024948132556828,0.39092945188560807,4.0,1.0,-3.0
2026-04-09,COST,0.78125,0.8125,0.14925409781404902,0.06659165251327541,0.0,8.0,8.0
2026-04-09,GOOGL,0.39642857142857146,0.75,0.4552021470830237,0.09788943869494135,5.0,15.0,10.0
2026-04-09,NVDA,0.2354166666666667,0.0,0.4108525512158586,0.14616374973771487,6.0,10.0,4.0
2026-04-09,TSLA,0.2388888888888889,0.1,0.5046577921517582,0.13026507629513842,8.0,16.0,8.0
2026-04-09,^VIX,-0.10000000000000002,-0.2,0.17320508075688776,0.16261405578939828,2.0,1.0,-1.0
2026-04-10,COST,0.625,0.8,0.4193248541803042,0.08283907770024168,0.0,3.0,3.0
2026-04-10,GOOGL,0.5416666666666666,0.8,0.4640892025018335,0.08245163464186045,2.0,9.0,7.0
2026-04-10,NVDA,0.2236842105263158,0.0,0.44295987435928963,0.11550692983551715,4.0,7.0,3.0
2026-04-10,TSLA,-0.12727272727272726,0.0,0.48957309789429626,0.10308837893374591,3.0,1.0,-2.0
2026-04-10,^VIX,0.45,0.45,0.4949747468305833,0.19470009411836398,0.0,2.0,2.0
2026-04-12,COST,-0.1,-0.1,,0.11234866364235147,1.0,0.0,-1.0
2026-04-13,COST,0.7111111111111111,0.8,0.34439963866286377,0.08816870969870383,1.0,8.0,7.0
2026-04-13,GOOGL,0.5650000000000001,0.8,0.42035038294789795,0.10352449812134408,1.0,8.0,7.0
2026-04-13,NVDA,-0.05,0.0,0.09258200997725516,0.09486444964888252,2.0,0.0,-2.0
2026-04-13,TSLA,0.12000000000000002,0.0,0.42373996218855214,0.08247573681085633,3.0,2.0,-1.0
2026-04-13,^VIX,-0.5,-0.5,0.42426406871192857,0.22611282260128499,2.0,0.0,-2.0
2026-04-14,COST,0.1375,0.0,0.3662064211031025,0.011523002953143876,1.0,3.0,2.0
2026-04-14,GOOGL,0.15,0.15000000000000002,0.46007245806140873,0.00988785600126499,1.0,6.0,5.0
2026-04-14,NVDA,0.175,0.0,0.5725881092523166,0.02334435684573538,2.0,3.0,1.0
2026-04-14,TSLA,0.37777777777777777,0.0,0.46308146631499353,0.02528574694621972,0.0,4.0,4.0
2026-04-14,^VIX,-0.8,-0.8,,2.220446049250313e-16,1.0,0.0,-1.0
2026-04-15,COST,1.0,1.0,0.0,0.0,0.0,3.0,3.0
2026-04-15,GOOGL,0.04444444444444443,0.0,0.46933759467762415,0.0039890109682478294,3.0,4.0,1.0
2026-04-15,NVDA,0.4785714285714286,0.5,0.5235655442453018,0.0012821820969368142,2.0,9.0,7.0
2026-04-15,TSLA,0.019999999999999997,-0.1,0.3938414796731181,0.008715656478198271,5.0,3.0,-2.0
2026-04-17,TSLA,-0.2,-0.2,,5.551115123125783e-17,1.0,0.0,-1.0
2026-04-22,^VIX,-0.8,-0.8,0.0,0.12077599955077502,2.0,0.0,-2.0
2026-04-23,COST,0.5,0.5,0.47609522856952335,0.09788760954374011,0.0,3.0,3.0
2026-04-23,^VIX,0.0,-0.2,0.6633249580710799,0.1783908189655117,3.0,2.0,-1.0
2026-04-24,COST,0.050000000000000024,-0.1,0.7092249290598857,0.02212079123848416,3.0,2.0,-1.0
2026-04-24,GOOGL,0.4,0.4,0.5656854249492381,1.1102230246251565e-16,0.0,1.0,1.0
2026-04-24,NVDA,0.6,0.6,0.565685424949238,2.7755575615628914e-17,0.0,2.0,2.0
2026-04-24,TSLA,0.2,0.0,0.6733003292241386,0.029530074103569733,1.0,3.0,2.0
2026-04-24,^VIX,-0.7333333333333334,-0.8,0.11547005383792519,0.026666666666666772,3.0,0.0,-3.0
2026-04-25,GOOGL,0.5875,0.8,0.3563204817496262,0.013736095644623329,0.0,8.0,8.0
2026-04-25,NVDA,0.037500000000000006,0.0,0.4274091382136927,0.023331861411945015,2.0,1.0,-1.0
2026-04-25,TSLA,0.03333333333333335,0.0,0.2516611478423584,0.09468262104281393,1.0,1.0,0.0
2026-04-29,COST,0.0,0.0,,0.0,0.0,0.0,0.0
2026-04-29,GOOGL,0.0,0.0,,0.0,0.0,0.0,0.0
2026-04-29,^VIX,-0.275,-0.275,0.10606601717798213,0.09457918457133459,2.0,0.0,-2.0
2026-04-30,^VIX,-0.1,-0.1,0.42426406871192857,8.326672684688674e-17,1.0,1.0,0.0
2026-05-01,^VIX,-0.09999999999999998,-0.09999999999999998,1.2727922061357855,1.1102230246251565e-16,1.0,1.0,0.0
2026-05-04,COST,0.35,0.2,0.443471156521669,2.7755575615628914e-17,0.0,3.0,3.0
2026-05-04,GOOGL,0.0,0.0,,0.0,0.0,0.0,0.0
2026-05-04,^VIX,-0.5,-0.5,0.42426406871192857,0.02929732638541169,2.0,0.0,-2.0
2026-05-05,COST,0.3666666666666667,0.15000000000000002,0.500666222813829,0.01568507150473188,1.0,4.0,3.0
2026-05-05,GOOGL,0.5555555555555556,0.8,0.4447221354708778,6.167905692361981e-17,0.0,7.0,7.0
2026-05-05,NVDA,-0.1,-0.1,0.10540925533894599,2.7755575615628914e-17,5.0,0.0,-5.0
2026-05-05,TSLA,0.1,0.0,0.27080128015453203,0.0222055948172609,1.0,3.0,2.0
2026-05-05,^VIX,0.2,0.2,1.131370849898476,0.015,1.0,1.0,0.0
2026-05-06,^VIX,-0.6,-0.8,0.34641016151377546,0.03303570832737454,3.0,0.0,-3.0
2026-05-07,^VIX,-0.5333333333333333,-0.6,0.30550504633038933,0.03142696805273555,3.0,0.0,-3.0
2026-05-08,^VIX,0.8,0.8,,0.017950549357115025,0.0,1.0,1.0
2026-05-11,COST,0.5333333333333333,0.8,0.6429100507328637,9.251858538542972e-17,1.0,2.0,1.0
2026-05-11,GOOGL,-0.2,-0.2,,5.551115123125783e-17,1.0,0.0,-1.0
2026-05-11,TSLA,0.2,0.2,,0.09000000000000001,0.0,1.0,1.0
2026-05-11,^VIX,-0.2,-0.2,,0.029999999999999992,1.0,0.0,-1.0
2026-05-12,COST,0.31428571428571433,0.2,0.5398412465054624,0.00857142857142865,1.0,5.0,4.0
2026-05-12,GOOGL,0.1111111111111111,0.0,0.348010216963685,4.9343245538895844e-17,2.0,2.0,0.0
2026-05-12,NVDA,-0.05,0.0,0.47900359543999715,0.006000000000000013,4.0,1.0,-3.0
2026-05-12,QQQ,0.0,0.0,,0.0,0.0,0.0,0.0
2026-05-12,TSLA,0.3111111111111111,0.2,0.592546294487706,0.007554102983100511,2.0,6.0,4.0
2026-05-13,^VIX,0.0,0.0,,0.0,0.0,0.0,0.0
2026-05-14,^VIX,0.0,0.0,0.28284271247461906,5.551115123125783e-17,1.0,1.0,0.0
2026-05-15,^VIX,0.8666666666666667,0.8,0.11547005383792512,0.01133115447465072,0.0,3.0,3.0
2026-05-18,^VIX,0.8,0.8,0.0,2.220446049250313e-16,0.0,2.0,2.0
2026-05-19,^VIX,1.0,1.0,,0.0,0.0,1.0,1.0
2026-05-23,^VIX,0.2,0.2,,5.551115123125783e-17,0.0,1.0,1.0
2026-05-25,COST,0.7,0.9,0.47609522856952335,0.012472191289246464,0.0,3.0,3.0
2026-05-26,AMD,0.4,0.2,0.6,0.009300948547692445,2.0,11.0,9.0
2026-05-26,COST,0.13333333333333333,0.0,0.3265986323710904,3.700743415417188e-17,0.0,1.0,1.0
2026-05-26,GOOGL,0.26,0.0,0.5448459808580246,0.02286112893363543,2.0,6.0,4.0
2026-05-26,NVDA,0.15000000000000002,0.0,0.2683281572999748,4.163336342344337e-17,0.0,6.0,6.0
2026-05-26,TSLA,-0.09166666666666667,0.0,0.1880924981991251,0.01435065705898834,4.0,1.0,-3.0
2026-05-26,^VIX,-0.2,-0.2,,5.551115123125783e-17,1.0,0.0,-1.0
2026-05-27,AMD,0.4625,0.45,0.5316752499680341,3.8163916471489756e-17,1.0,5.0,4.0
2026-05-27,COST,0.0,0.0,0.0,0.0,0.0,0.0,0.0
2026-05-27,GOOGL,0.09090909090909091,0.0,0.4592483978296396,0.013806286857167444,4.0,4.0,0.0
2026-05-27,NVDA,0.13333333333333336,0.0,0.4898979485566356,4.9343245538895844e-17,2.0,3.0,1.0
2026-05-27,TSLA,0.26666666666666666,0.0,0.5744562646538028,0.00535438233140785,1.0,4.0,3.0
2026-05-28,AMD,0.23888888888888887,0.0,0.442105775058265,0.02255846798630517,5.0,8.0,3.0
2026-05-28,COST,0.3588235294117647,0.2,0.4796598059164065,0.0021118293361312122,3.0,11.0,8.0
2026-05-28,GOOGL,0.15000000000000002,0.0,0.4579365483917408,0.0018885257457751357,6.0,5.0,-1.0
2026-05-28,NVDA,0.24,0.05,0.3992097456884433,0.006688549686896221,3.0,10.0,7.0
2026-05-28,TSLA,0.11578947368421054,0.2,0.438764879956271,0.010719239782952977,5.0,10.0,5.0
2026-06-01,COST,1.0,1.0,,0.0,0.0,1.0,1.0
2026-06-01,GOOGL,-0.2,-0.2,,0.0,1.0,0.0,-1.0
2026-06-01,NVDA,0.95,1.0,0.09258200997725514,0.009999999999999998,0.0,8.0,8.0
2026-06-01,TSLA,1.0,1.0,0.0,0.039999999999999994,0.0,2.0,2.0
2026-06-02,GOOGL,0.2,0.0,0.565685424949238,0.0,2.0,2.0,0.0
2026-06-02,NVDA,1.0,1.0,0.0,0.0,0.0,5.0,5.0
2026-06-03,GOOGL,0.3333333333333333,0.0,0.5773502691896258,0.0,0.0,1.0,1.0
2026-06-03,NVDA,1.0,1.0,0.0,0.0,0.0,2.0,2.0
2026-06-03,TSLA,1.0,1.0,,0.0,0.0,1.0,1.0
2026-06-04,NVDA,1.0,1.0,0.0,0.0,0.0,2.0,2.0
2026-06-04,TSLA,0.8,0.8,,0.0,0.0,1.0,1.0
2026-06-05,COST,0.2,0.2,,0.0,0.0,1.0,1.0
2026-06-05,TSLA,-0.1,-0.1,,0.0,1.0,0.0,-1.0
2026-06-07,NVDA,0.7333333333333334,1.0,0.41311822359545775,0.0,0.0,6.0,6.0
2026-06-08,COST,0.17500000000000002,0.17500000000000002,0.03535533905932737,0.025,0.0,2.0,2.0
2026-06-08,TSLA,0.9333333333333332,1.0,0.11547005383792512,0.03055050463303893,0.0,3.0,3.0
2026-06-09,NVDA,0.9,0.9,0.14142135623730948,0.0,0.0,2.0,2.0
2026-06-10,NVDA,0.2,0.2,,0.0,0.0,1.0,1.0
2026-06-10,TSLA,-0.8,-0.8,,0.0,1.0,0.0,-1.0
2026-06-11,GOOGL,0.0,0.0,,0.0,0.0,0.0,0.0
2026-06-11,TSLA,0.1,0.1,,0.0,0.0,1.0,1.0
2026-06-12,NVDA,0.9333333333333332,1.0,0.11547005383792512,0.0,0.0,3.0,3.0
2026-06-14,NVDA,-0.2,-0.2,,0.0,1.0,0.0,-1.0
2026-06-14,TSLA,1.0,1.0,,0.05999999999999999,0.0,1.0,1.0
2026-06-15,AMD,1.0,1.0,,0.0,0.0,1.0,1.0
2026-06-15,COST,0.0,0.0,,0.0,0.0,0.0,0.0
2026-06-15,TSLA,-0.9,-0.9,,0.0,1.0,0.0,-1.0
2026-06-16,NVDA,0.7000000000000001,0.8,0.3872983346207417,0.0,0.0,7.0,7.0
2026-06-16,TSLA,-0.10000000000000003,-0.10000000000000003,0.9899494936611666,5.551115123125783e-17,1.0,1.0,0.0
2026-06-17,COST,0.2,0.2,,0.0,0.0,1.0,1.0
2026-06-17,NVDA,1.0,1.0,,0.0,0.0,1.0,1.0
2026-06-19,TSLA,-0.8,-0.8,,0.0,1.0,0.0,-1.0
2026-06-20,TSLA,-0.3,-0.3,0.9899494936611666,0.0,1.0,1.0,0.0
2026-06-21,NVDA,1.0,1.0,,0.0,0.0,1.0,1.0
2026-06-21,TSLA,-1.0,-1.0,,0.0,1.0,0.0,-1.0
2026-06-22,GOOGL,-0.9,-0.9,0.14142135623730948,0.0,2.0,0.0,-2.0
2026-06-22,NVDA,0.9,1.0,0.282842712474619,0.030000000000000002,0.0,8.0,8.0
2026-06-22,TSLA,-0.9333333333333332,-1.0,0.10327955589886444,0.0,6.0,0.0,-6.0
2026-06-23,GOOGL,0.8,0.8,,0.0,0.0,1.0,1.0
2026-06-23,NVDA,1.0,1.0,0.0,0.0,0.0,4.0,4.0
2026-06-23,TSLA,-0.275,-0.9,0.9558093055476226,0.011456439237389612,5.0,3.0,-2.0
2026-06-24,TSLA,-1.0,-1.0,0.0,0.0,2.0,0.0,-2.0
2026-06-25,TSLA,-0.20000000000000004,-0.8,1.0392304845413265,0.0,2.0,1.0,-1.0
2026-06-26,COST,0.2,0.2,,0.0,0.0,1.0,1.0
2026-06-26,TSLA,0.3,0.3,0.4242640687119285,5.551115123125783e-17,0.0,1.0,1.0
2026-06-29,NVDA,1.0,1.0,0.0,0.0,0.0,2.0,2.0
2026-06-29,TSLA,-0.5,-0.6000000000000001,0.5291502622129182,0.02,3.0,1.0,-2.0
2026-06-30,AMD,1.0,1.0,,0.0,0.0,1.0,1.0
2026-06-30,NVDA,0.6,0.6,0.565685424949238,0.0,0.0,2.0,2.0
2026-07-01,COST,-0.1,-0.1,,0.0,1.0,0.0,-1.0
2026-07-01,NVDA,1.0,1.0,0.0,0.0,0.0,2.0,2.0
2026-07-01,TSLA,-0.8,-0.8,,0.0,1.0,0.0,-1.0
2026-07-02,AMD,-1.0,-1.0,,0.0,1.0,0.0,-1.0
2026-07-02,GOOGL,0.2,0.2,,0.0,0.0,1.0,1.0
2026-07-02,NVDA,0.7,0.7,,0.048989794855663606,0.0,1.0,1.0
2026-07-02,TSLA,0.48,1.0,0.817584518226981,0.007999999999999998,3.0,7.0,4.0
2026-07-03,AMD,0.35,0.35,0.9192388155425117,0.022912878474779196,1.0,1.0,0.0
2026-07-03,TSLA,0.3333333333333333,0.2,0.6110100926607787,0.09797958971132713,1.0,2.0,1.0
2026-07-04,AMD,0.5,0.5,0.7071067811865476,0.0,0.0,1.0,1.0
2026-07-05,AMD,1.0,1.0,0.0,0.0,0.0,3.0,3.0
2026-07-06,AMD,0.825,1.0,0.291547594742265,0.007500000000000012,0.0,8.0,8.0
2026-07-06,COST,-0.1,-0.1,,0.0,1.0,0.0,-1.0
2026-07-06,NVDA,0.9,0.9,0.14142135623730948,0.0,0.0,2.0,2.0
2026-07-06,TSLA,0.0,0.0,,0.0,0.0,0.0,0.0
2026-07-07,AMD,-0.6,-0.8,0.47328638264796935,0.0,4.0,0.0,-4.0
2026-07-07,COST,-0.275,-0.2,0.15000000000000002,0.011180339887498947,4.0,0.0,-4.0
2026-07-07,NVDA,0.7333333333333334,1.0,0.46188021535170054,0.0,0.0,3.0,3.0
2026-07-08,AMD,0.5,0.5,0.5773502691896257,0.0,0.0,2.0,2.0
2026-07-08,COST,-0.037500000000000006,-0.1,0.18468119248354137,0.0,4.0,3.0,-1.0
2026-07-08,NVDA,0.2,0.2,,0.0,0.0,1.0,1.0
2026-07-08,TSLA,-1.0,-1.0,,0.0,1.0,0.0,-1.0
2026-07-09,AMD,0.5714285714285714,1.0,0.6369570517030844,3.172065784643304e-17,1.0,5.0,4.0
2026-07-09,COST,-0.32,-0.8,0.7823042886243179,0.0,4.0,1.0,-3.0
2026-07-09,NVDA,0.1,0.1,,0.0,0.0,1.0,1.0
2026-07-10,COST,0.13333333333333333,0.2,0.16329931618554522,0.005,1.0,5.0,4.0
2026-07-10,NVDA,0.5,0.5,0.42426406871192857,0.0,0.0,2.0,2.0
2026-07-11,COST,0.05,0.1,0.19148542155126763,0.0,1.0,2.0,1.0
2026-07-12,COST,0.0,0.0,,0.0,0.0,0.0,0.0
2026-07-12,TSLA,0.0,0.0,,0.0,0.0,0.0,0.0
2026-07-13,AMD,-0.03999999999999998,0.2,0.7797435475847172,0.012000000000000021,2.0,3.0,1.0
2026-07-13,COST,0.125,0.1,0.39910614413425693,0.00375,3.0,4.0,1.0
2026-07-13,NVDA,0.0,0.0,,0.0,0.0,0.0,0.0
2026-07-13,TSLA,0.4,0.4,0.28284271247461895,5.551115123125783e-17,0.0,2.0,2.0
2026-07-14,AMD,1.0,1.0,0.0,0.0,0.0,4.0,4.0
2026-07-14,COST,0.18000000000000002,0.2,0.5118593556827891,1.1102230246251566e-17,2.0,3.0,1.0
2026-07-14,NVDA,0.3,0.3,,5.551115123125783e-17,0.0,1.0,1.0
2026-07-14,TSLA,-0.2,-0.2,,0.0,1.0,0.0,-1.0
2026-07-15,AMD,0.4666666666666667,0.8,0.6164414002968976,1.2335811384723961e-17,1.0,5.0,4.0
2026-07-15,COST,0.037500000000000006,0.15000000000000002,0.1995530720671285,0.0,3.0,5.0,2.0
2026-07-15,NVDA,0.8,1.0,0.4,0.0,0.0,4.0,4.0
2026-07-15,TSLA,-0.5,-0.5,0.7071067811865476,0.0,1.0,0.0,-1.0
2026-07-16,AMD,-0.4666666666666666,-0.6,0.6110100926607787,0.030550504633038943,2.0,1.0,-1.0
2026-07-16,COST,-0.2,-0.1,0.43204937989385733,0.0,2.0,1.0,-1.0
2026-07-16,NVDA,1.0,1.0,,0.0,0.0,1.0,1.0
2026-07-16,TSLA,-0.6,-0.6,,1.1102230246251565e-16,1.0,0.0,-1.0
2026-07-17,AMD,-0.20000000000000004,-0.25,0.7293833011524188,0.03527525231651946,3.0,2.0,-1.0
2026-07-17,GOOGL,-0.020000000000000007,0.0,0.6572670690061994,0.007999999999999998,2.0,1.0,-1.0
2026-07-17,NVDA,1.0,1.0,,0.0,0.0,1.0,1.0
2026-07-17,TSLA,0.2,0.2,,0.0,0.0,1.0,1.0
2026-07-18,COST,0.7333333333333334,1.0,0.46188021535170065,0.0,0.0,3.0,3.0
2026-07-18,GOOGL,1.0,1.0,,0.0,0.0,1.0,1.0
2026-07-19,GOOGL,0.06666666666666665,0.0,0.9018499505645788,0.0,1.0,1.0,0.0
2026-07-20,AMD,0.6,0.6,0.565685424949238,0.0,0.0,2.0,2.0
2026-07-20,COST,0.025,0.05,0.17078251276599332,0.011456439237389602,1.0,2.0,1.0
2026-07-20,GOOGL,0.75,1.0,0.5,0.019999999999999997,0.0,3.0,3.0
2026-07-20,NVDA,0.95,1.0,0.09999999999999996,0.014999999999999996,0.0,4.0,4.0
2026-07-20,TSLA,-0.8,-0.8,,0.0,1.0,0.0,-1.0
2026-07-20,^VIX,0.4,0.4,,1.1102230246251565e-16,0.0,1.0,1.0
2026-07-21,AMD,0.42857142857142855,1.0,0.7867957924694431,0.0,1.0,4.0,3.0
2026-07-21,COST,0.2,0.2,0.35456210417116735,0.0,1.0,5.0,4.0
2026-07-21,GOOGL,0.14,0.0,0.40987803063838396,1.1102230246251566e-17,1.0,2.0,1.0
2026-07-21,NVDA,1.0,1.0,0.0,0.0,0.0,6.0,6.0
2026-07-21,TSLA,0.5,0.5,0.7071067811865476,0.0,0.0,1.0,1.0
2026-07-22,AMD,0.5333333333333333,0.8,0.5099019513592785,0.0,0.0,5.0,5.0
2026-07-22,COST,0.2,0.2,0.0,0.0,0.0,2.0,2.0
2026-07-22,GOOGL,0.48,0.6,0.5385164807134505,1.7763568394002505e-17,5.0,17.0,12.0
2026-07-22,NVDA,0.9,0.9,0.14142135623730948,0.0,0.0,2.0,2.0
2026-07-22,TSLA,-1.2335811384723961e-17,0.0,0.842614977317636,0.03265986323710905,4.0,4.0,0.0
2026-07-23,AMD,0.025,0.05,0.8180260794538684,0.0,1.0,2.0,1.0
2026-07-23,COST,0.10000000000000002,0.2,0.17320508075688773,0.0,1.0,2.0,1.0
2026-07-23,GOOGL,-0.06458333333333335,-0.25,0.8108609443144323,0.022484629317101837,14.0,10.0,-4.0
2026-07-23,NVDA,1.0,1.0,0.0,0.0,0.0,2.0,2.0
2026-07-23,TSLA,-0.0625,-0.30000000000000004,0.7269063606427291,0.016456439237389625,5.0,3.0,-2.0
2026-07-24,AMD,0.5,0.5,0.5773502691896257,0.0,0.0,2.0,2.0
2026-07-24,COST,0.17500000000000002,0.2,0.05,0.0,0.0,4.0,4.0
2026-07-24,GOOGL,-0.2875,-0.45,0.6266407036161723,0.0,6.0,2.0,-4.0
2026-07-24,TSLA,-0.20000000000000004,-0.2,0.33466401061363027,0.0,4.0,1.0,-3.0
2026-07-25,AMD,1.0,1.0,,0.0,0.0,1.0,1.0
2026-07-25,GOOGL,-0.6,-0.6,,1.1102230246251565e-16,1.0,0.0,-1.0
2026-07-25,NVDA,1.0,1.0,,0.0,0.0,1.0,1.0
2026-07-26,COST,0.1,0.1,0.14142135623730953,0.0,0.0,1.0,1.0
2026-07-26,GOOGL,-1.850371707708594e-17,0.2,0.7211102550927979,3.700743415417188e-17,1.0,2.0,1.0
2026-07-26,NVDA,1.0,1.0,0.0,0.0,0.0,3.0,3.0
2026-07-27,AMD,-0.30000000000000004,-0.30000000000000004,0.7071067811865476,0.04582575694955839,1.0,1.0,0.0
2026-07-27,COST,-0.10000000000000002,-0.1,0.1,0.0,2.0,0.0,-2.0
2026-07-27,GOOGL,0.39999999999999997,0.2,0.5291502622129182,0.0,0.0,2.0,2.0
2026-07-27,NVDA,0.44000000000000006,0.8,0.7668115805072326,0.0,1.0,4.0,3.0
2026-07-27,TSLA,0.26666666666666666,0.2,0.5033222956847166,0.0,1.0,2.0,1.0
2026-07-28,AMD,0.45,0.9,0.971253485622231,0.0,1.0,3.0,2.0
2026-07-28,COST,0.0,0.0,0.28284271247461906,0.0,1.0,1.0,0.0
2026-07-28,NVDA,0.8,0.8,,0.0,0.0,1.0,1.0
2026-07-28,TSLA,0.2,0.2,,0.0,0.0,1.0,1.0
2026-07-29,AMD,-0.5,-0.5,,0.029999999999999995,1.0,0.0,-1.0
2026-07-29,COST,-0.06666666666666667,-0.2,0.23094010767585033,0.0,2.0,1.0,-1.0
2026-07-29,GOOGL,0.3333333333333333,0.6,0.46188021535170065,7.401486830834377e-17,1.0,2.0,1.0
2026-07-29,NVDA,0.0,0.0,,0.0,0.0,0.0,0.0
2026-07-29,TSLA,-0.15000000000000002,-0.15000000000000002,0.07071067811865475,0.0,2.0,0.0,-2.0
2026-07-30,AMD,-1.0,-1.0,0.0,0.0,2.0,0.0,-2.0
2026-07-30,COST,-0.1,-0.2,0.17320508075688776,0.0,4.0,1.0,-3.0
2026-07-30,GOOGL,1.0,1.0,0.0,0.0,0.0,2.0,2.0
2026-07-30,TSLA,-0.8,-0.8,,0.0,1.0,0.0,-1.0
2026-07-31,AMD,0.0,0.0,0.0,0.0,0.0,0.0,0.0
2026-07-31,COST,0.2,0.2,,0.0,0.0,1.0,1.0
2026-07-31,GOOGL,0.6,0.8,0.5291502622129182,0.019999999999999993,0.0,2.0,2.0
2026-07-31,TSLA,-0.30000000000000004,-0.4,0.7393691004272944,0.05201562118716424,2.0,1.0,-1.0
2026-08-01,GOOGL,-0.3,-0.3,,0.039999999999999994,1.0,0.0,-1.0
2026-08-11,SPY,0.0,0.0,,0.0,0.0,0.0,0.0
2026-08-13,SPY,0.0,0.0,0.0,0.0,0.0,0.0,0.0
2026-08-17,SPY,0.0,0.0,,0.0,0.0,0.0,0.0
2026-08-18,^VIX,0.10000000000000003,0.10000000000000003,0.9899494936611666,1.6653345369377348e-16,1.0,1.0,0.0
2026-08-19,COST,0.2,0.2,,5.551115123125783e-17,0.0,1.0,1.0
2026-08-19,GOOGL,0.0,0.0,,0.0,0.0,0.0,0.0
2026-08-19,^VIX,0.26666666666666666,0.2,0.5033222956847166,1.1102230246251565e-16,1.0,2.0,1.0
2026-08-20,COST,1.0,1.0,,0.0,0.0,1.0,1.0
2026-08-20,TSLA,0.6,0.6,,1.1102230246251565e-16,0.0,1.0,1.0
2026-08-20,^VIX,0.4,0.4,,0.09977753031397174,0.0,1.0,1.0
2026-08-21,GOOGL,0.4,0.4,,1.1102230246251565e-16,0.0,1.0,1.0
2026-08-21,^VIX,-0.13333333333333333,-0.1,0.3511884584284246,0.04988876515698589,2.0,1.0,-1.0
2026-08-22,COST,0.0,0.0,,0.0,0.0,0.0,0.0
2026-08-22,GOOGL,-0.3,-0.3,,5.551115123125783e-17,1.0,0.0,-1.0
2026-08-23,COST,1.0,1.0,,0.0,0.0,1.0,1.0
2026-08-23,GOOGL,0.06666666666666667,0.0,0.11547005383792516,1.850371707708594e-17,0.0,1.0,1.0
2026-08-23,NVDA,0.0,0.0,,0.0,0.0,0.0,0.0
2026-08-24,COST,-0.06666666666666665,0.0,0.5099019513592784,0.008314794192830991,4.0,1.0,-3.0
2026-08-24,GOOGL,0.0,0.0,,0.0,0.0,0.0,0.0
2026-08-24,NVDA,-0.2,-0.2,,0.09977753031397177,1.0,0.0,-1.0
2026-08-24,TSLA,0.0,0.0,,0.0,0.0,0.0,0.0
2026-08-24,^VIX,-1.0,-1.0,,0.04988876515698587,1.0,0.0,-1.0
2026-08-25,AMD,0.48333333333333334,0.5,0.5424411712272809,0.010362035538086727,1.0,6.0,5.0
2026-08-25,COST,0.014285714285714287,0.0,0.08997354108424374,1.1895246692412391e-17,1.0,1.0,0.0
2026-08-25,GOOGL,0.39,0.15000000000000002,0.4483302354291979,5.2735593669694933e-17,0.0,6.0,6.0
2026-08-25,NVDA,0.23846153846153847,0.0,0.5993586315644159,0.012904958243221227,4.0,6.0,2.0
2026-08-25,TSLA,0.06153846153846153,0.0,0.5590743265113348,0.02489551860349756,5.0,4.0,-1.0
2026-08-26,AMD,0.64,0.8,0.40987803063838396,0.03991101212558876,0.0,5.0,5.0
2026-08-26,COST,0.1,0.0,0.58309518948453,0.017187495241003763,2.0,2.0,0.0
2026-08-26,GOOGL,0.12222222222222223,0.1,0.4116363011742823,0.04629627343303837,2.0,5.0,3.0
2026-08-26,NVDA,0.0,0.0,0.0,0.0,0.0,0.0,0.0
2026-08-26,TSLA,0.3375,0.4,0.6696214282285604,0.030616729341799254,1.0,6.0,5.0
2026-08-26,^VIX,1.850371707708594e-17,-0.2,0.7211102550927979,1.295260195396016e-16,2.0,1.0,-1.0
2026-08-27,AMD,-0.06999999999999999,-0.2,0.5812821078348179,0.011959525781573251,7.0,3.0,-4.0
2026-08-27,COST,0.0125,0.0,0.5383506557731945,0.006023680122833741,2.0,3.0,1.0
2026-08-27,GOOGL,-0.08571428571428573,0.0,0.42983939414844796,0.007126966450998029,2.0,1.0,-1.0
2026-08-27,NVDA,0.5599999999999999,0.6,0.4560701700396552,0.037712361663282554,0.0,4.0,4.0
2026-08-27,QQQ,0.7,0.7,0.1414213562373096,1.6653345369377348e-16,0.0,2.0,2.0
2026-08-27,SPY,0.0,0.0,0.0,0.0,0.0,0.0,0.0
2026-08-27,TSLA,0.2545454545454546,0.2,0.4803407881153471,0.022698339740052694,3.0,6.0,3.0
2026-08-27,^VIX,0.1,0.1,0.14142135623730953,2.7755575615628914e-17,0.0,1.0,1.0
2026-08-28,AMD,0.02403846153846154,0.0,0.5631224560009028,0.015455655996497538,24.0,21.0,-3.0
2026-08-28,COST,-0.028571428571428564,0.0,0.37289089429432176,0.016225452416572254,3.0,2.0,-1.0
2026-08-28,GOOGL,-0.16,0.0,0.38470768123342697,6.661338147750939e-17,2.0,1.0,-1.0
2026-08-28,NVDA,0.5666666666666667,0.7,0.4633213427705081,5.551115123125783e-17,0.0,4.0,4.0
2026-08-28,QQQ,-0.1,-0.1,0.1118033988749895,0.005543196128554014,6.0,1.0,-5.0
2026-08-28,SPY,-0.007142857142857144,0.0,0.09786071518602128,0.0008908708063747595,6.0,3.0,-3.0
2026-08-28,TSLA,0.05714285714285716,0.0,0.6187545093630775,0.013468700594029546,2.0,2.0,0.0
2026-08-28,^VIX,-0.14583333333333334,-0.2,0.6100457336146604,0.030859362296744967,14.0,6.0,-8.0
2026-08-29,AMD,0.23,0.1,0.5627212208667745,7.401486830834377e-18,12.0,15.0,3.0
2026-08-29,COST,0.07014925373134329,0.0,0.3214620602398937,1.2427869678639812e-17,17.0,29.0,12.0
2026-08-29,GOOGL,0.10789473684210525,0.0,0.45165256854605973,0.0038143258573287717,8.0,13.0,5.0
2026-08-29,NVDA,0.31446280991735537,0.2,0.579778622138403,0.004206527230212103,27.0,67.0,40.0
2026-08-29,QQQ,-0.4,-0.4,0.28284271247461895,0.048989794855663585,2.0,0.0,-2.0
2026-08-29,SPY,-0.025,0.0,0.06831300510639733,6.938893903907228e-18,2.0,0.0,-2.0
2026-08-29,TSLA,0.01168224299065421,0.1,0.48571962947290775,0.007034471947414587,35.0,55.0,20.0
2026-08-29,^VIX,-0.049999999999999996,-0.2,0.5856620185738528,1.850371707708594e-17,4.0,2.0,-2.0
2026-08-30,AMD,0.03611111111111111,0.0,0.6270806636551304,0.00466012381005214,17.0,14.0,-3.0
2026-08-30,COST,0.13833333333333334,0.05,0.26876469871773745,0.0066060301363000985,7.0,30.0,23.0
2026-08-30,GOOGL,0.10800000000000001,0.0,0.4557299594259384,0.0036825599007772325,16.0,16.0,0.0
2026-08-30,NVDA,0.35369127516778526,0.2,0.5158990433833964,0.010216442695427394,27.0,92.0,65.0
2026-08-30,QQQ,0.012500000000000006,0.0,0.5524711385894823,0.0032025973113086323,12.0,19.0,7.0
2026-08-30,SPY,-0.008108108108108109,0.0,0.05952767040245691,0.001348345004242865,3.0,1.0,-2.0
2026-08-30,TSLA,-0.030392156862745094,0.0,0.5283617901817038,0.007682868369856727,36.0,45.0,9.0
2026-08-30,^VIX,0.21428571428571425,0.2,0.612178000880385,0.017142857142857217,2.0,4.0,2.0
2026-08-31,AMD,0.41929824561403506,0.2,0.5316546262415197,0.0052075952675565305,9.0,41.0,32.0
2026-08-31,COST,0.1864583333333333,0.2,0.3326511660066955,0.007846007348792384,12.0,59.0,47.0
2026-08-31,GOOGL,0.0346938775510204,0.0,0.5328973558169853,0.003998664333299977,19.0,16.0,-3.0
2026-08-31,NVDA,0.25,0.0,0.4629100498862757,0.0,0.0,2.0,2.0
2026-08-31,QQQ,-0.12137931034482759,-0.15000000000000002,0.44876222859109066,0.008385930875791899,30.0,15.0,-15.0
2026-08-31,SPY,-0.013793103448275862,0.0,0.10249493894834057,0.0003907294646431316,6.0,4.0,-2.0
2026-08-31,TSLA,0.31,0.15000000000000002,0.5933895104491747,5.2735593669694933e-17,3.0,6.0,3.0
2026-08-31,^VIX,0.43548387096774194,0.7,0.5642389488486678,0.014440341210075038,5.0,23.0,18.0
2026-09-01,AMD,0.2875,0.2,0.5700410586182703,0.024726277700227773,9.0,32.0,23.0
2026-09-01,COST,0.25,0.0,0.5128352561983234,5.088522196198634e-17,2.0,2.0,0.0
2026-09-01,GOOGL,0.03333333333333333,0.0,0.1527525231651947,2.7755575615628914e-17,1.0,1.0,0.0
2026-09-01,NVDA,0.3,0.1,0.47609522856952335,1.3877787807814457e-17,0.0,2.0,2.0
2026-09-01,QQQ,-0.2222222222222222,-0.2,0.35629263877386586,0.014332600418487294,7.0,1.0,-6.0
2026-09-01,SPY,-5.236901059552625e-19,0.0,0.18912755158683459,0.005488660183464524,7.0,4.0,-3.0
2026-09-01,TSLA,0.33999999999999997,0.1,0.5272570530585627,6.106226635438361e-17,1.0,3.0,2.0
2026-09-01,^VIX,0.3423076923076923,0.45,0.6407327536020471,0.008687555782357161,6.0,15.0,9.0
2026-09-02,AMD,0.2651162790697674,0.2,0.5656364813326634,0.007555199589151782,16.0,24.0,8.0
2026-09-02,COST,0.1484848484848485,0.2,0.4766041493225958,0.021875391169803072,16.0,37.0,21.0
2026-09-02,GOOGL,0.39375,0.2,0.48583576690591984,0.009996029037586793,10.0,57.0,47.0
2026-09-02,NVDA,0.410126582278481,0.2,0.4505253163747624,0.0025040051394316252,9.0,56.0,47.0
2026-09-02,QQQ,-0.12727272727272726,-0.15000000000000002,0.48338132492413505,0.005576263167601429,23.0,13.0,-10.0
2026-09-02,SPY,0.0028571428571428576,0.0,0.09349737023980002,0.0018919627650154434,5.0,7.0,2.0
2026-09-02,TSLA,-0.07727272727272727,0.0,0.45701218786826664,0.01095834906558547,29.0,30.0,1.0
2026-09-02,^VIX,0.0038461538461538494,-0.1,0.5709506242965459,0.011046256960968668,13.0,9.0,-4.0
2026-09-03,AMD,0.05757575757575758,0.0,0.5000189390352523,0.004535342286998764,13.0,14.0,1.0
2026-09-03,COST,0.05701754385964912,0.1,0.456025402615997,0.018712730283652515,36.0,65.0,29.0
2026-09-03,GOOGL,0.2791044776119403,0.2,0.565293518135768,0.007645483182674819,14.0,38.0,24.0
2026-09-03,NVDA,0.6280701754385964,0.8,0.4704561469279256,0.007227124579236249,7.0,94.0,87.0
2026-09-03,QQQ,0.26666666666666666,0.2,0.4831838849409888,0.0030565063857574226,9.0,29.0,20.0
2026-09-03,SPY,-0.011111111111111112,0.0,0.13106687926950955,0.001275923863727546,3.0,5.0,2.0
2026-09-03,TSLA,0.24259259259259258,0.2,0.6366095509167682,0.009232681155198178,28.0,63.0,35.0
2026-09-03,^VIX,-0.03571428571428571,-0.05,0.5215463373570771,0.009872509092525556,14.0,8.0,-6.0
2026-09-04,AMD,0.08888888888888889,0.0,0.5395471352079549,0.010475656017578524,3.0,3.0,0.0
2026-09-04,COST,-0.1875,-0.25,0.5409977554746151,0.006236095644623307,6.0,1.0,-5.0
2026-09-04,GOOGL,-0.10000000000000002,-0.1,0.10954451150103323,2.7755575615628914e-17,3.0,0.0,-3.0
2026-09-04,NVDA,0.0,0.0,,0.0,0.0,0.0,0.0
2026-09-04,QQQ,0.1,0.0,0.42560880764248427,0.00833713145982576,8.0,16.0,8.0
2026-09-04,SPY,-0.042105263157894736,0.0,0.14819924307237933,0.002903141379235033,5.0,1.0,-4.0
2026-09-04,TSLA,-0.2,-0.2,0.6782329983125268,7.771561172376095e-17,3.0,1.0,-2.0
2026-09-04,^VIX,0.17727272727272728,0.2,0.699613374985695,0.020039468264876723,8.0,12.0,4.0
2026-09-05,AMD,0.21666666666666667,0.2,0.6080344417489368,0.004444444444444484,6.0,11.0,5.0
2026-09-05,COST,0.1469135802469136,0.1,0.26836841270587647,0.008220764010194748,9.0,48.0,39.0
2026-09-05,GOOGL,0.20487804878048782,0.0,0.4466269245758675,0.0035121754679360655,7.0,18.0,11.0
2026-09-05,NVDA,0.31962616822429907,0.2,0.5892815024418165,0.014024505409336235,28.0,61.0,33.0
2026-09-05,QQQ,-0.019047619047619046,0.0,0.44625164903055037,0.007338591858494859,13.0,10.0,-3.0
2026-09-05,SPY,0.010256410256410256,0.0,0.06803587209728253,4.270088556250602e-18,1.0,2.0,1.0
2026-09-05,TSLA,0.10792079207920792,0.2,0.6160654459254848,0.008147608729642184,34.0,52.0,18.0
2026-09-05,^VIX,0.0357142857142857,0.0,0.4829510930122824,0.0017817416127495571,5.0,4.0,-1.0
2026-09-06,AMD,0.1823529411764706,0.2,0.2766660760683514,0.0019996154955266494,2.0,15.0,13.0
2026-09-06,COST,0.21515151515151518,0.2,0.1986221477473184,0.007222166682348504,0.0,27.0,27.0
2026-09-06,GOOGL,0.04666666666666666,0.0,0.23741907272153603,3.191891195797325e-17,9.0,9.0,0.0
2026-09-06,NVDA,0.3084507042253521,0.2,0.3442368283083358,0.005626213387447198,9.0,49.0,40.0
2026-09-06,QQQ,-0.014285714285714277,0.0,0.27800308323058986,0.005969313303545763,8.0,5.0,-3.0
2026-09-06,SPY,0.030555555555555558,0.0,0.1410561072652489,0.0020786985482077517,1.0,3.0,2.0
2026-09-06,TSLA,0.09538461538461539,0.2,0.32855306327078326,0.002015733548616074,14.0,41.0,27.0
2026-09-06,^VIX,0.009999999999999992,-0.15000000000000002,0.3478505426185217,1.8041124150158794e-17,6.0,3.0,-3.0
2026-09-07,AMD,0.10689655172413794,0.1,0.40526096925557786,0.005490527128851777,9.0,17.0,8.0
2026-09-07,COST,0.08571428571428573,0.1,0.19354668031334832,0.002788692238878312,9.0,49.0,40.0
2026-09-07,GOOGL,0.06521739130434782,0.0,0.32056713029279005,0.002196184865389264,13.0,20.0,7.0
2026-09-07,NVDA,0.0875,0.0,0.3440826312717007,4.5102810375396984e-17,2.0,2.0,0.0
2026-09-07,QQQ,0.10697674418604651,0.0,0.3297873404521171,0.001676391503665075,12.0,19.0,7.0
2026-09-07,SPY,0.003676470588235294,0.0,0.10011790678494595,0.0005882352941176573,8.0,9.0,1.0
2026-09-07,TSLA,-0.007692307692307687,0.0,0.3928220792670282,0.006022774986877732,47.0,39.0,-8.0
2026-09-07,^VIX,0.24285714285714283,0.2,0.3775863193647627,0.00640859756387226,4.0,11.0,7.0
2026-09-08,COST,0.08,0.1,0.08366600265340757,2.2204460492503132e-17,0.0,3.0,3.0
2026-09-08,GOOGL,-0.1,-0.1,,0.024944382578492942,1.0,0.0,-1.0
2026-09-08,NVDA,-0.13333333333333333,0.0,0.23094010767585033,3.700743415417188e-17,1.0,0.0,-1.0
2026-09-08,QQQ,-0.05,-0.05,0.07071067811865477,6.938893903907228e-18,1.0,0.0,-1.0
2026-09-08,SPY,0.05,0.0,0.1414213562373095,1.3877787807814457e-17,0.0,1.0,1.0
2026-09-08,TSLA,0.3166666666666667,0.2,0.43684474740270524,9.71445146547012e-17,1.0,2.0,1.0
2026-09-08,^VIX,0.35,0.35,0.057735026918962595,0.03202597311308578,0.0,4.0,4.0
2026-09-09,COST,0.15000000000000002,0.15000000000000002,0.07071067811865477,4.163336342344337e-17,0.0,2.0,2.0
2026-09-09,GOOGL,0.8,0.8,,2.220446049250313e-16,0.0,1.0,1.0
2026-09-09,QQQ,-0.4,-0.4,,1.1102230246251565e-16,1.0,0.0,-1.0
2026-09-09,^VIX,0.15,0.15,0.21213203435596426,2.7755575615628914e-17,0.0,1.0,1.0
2026-09-10,AMD,0.5125,0.6,0.3833592123769634,0.011785113019775908,1.0,7.0,6.0
2026-09-10,COST,0.0375,-0.05,0.23260942125619688,4.85722573273506e-17,4.0,3.0,-1.0
2026-09-10,GOOGL,0.3,0.4,0.38172540616821105,0.008645755806237358,2.0,6.0,4.0
2026-09-10,NVDA,0.3,0.4,0.2138089935299395,0.006438484420471468,0.0,6.0,6.0
2026-09-10,QQQ,-0.04999999999999998,0.05,0.3545621041711673,0.004249182927994033,2.0,4.0,2.0
2026-09-10,SPY,-0.2,-0.2,0.1414213562373095,4.163336342344337e-17,2.0,0.0,-2.0
2026-09-10,TSLA,-0.125,0.0,0.3011881234615431,4.163336342344337e-17,3.0,2.0,-1.0
2026-09-10,^VIX,0.1625,0.1,0.40686080455816126,0.01247219128924652,3.0,4.0,1.0
2026-09-11,AMD,0.2875,0.25,0.3943801646707328,7.979727989493313e-17,1.0,5.0,4.0
2026-09-11,COST,0.2,0.1,0.41057451037714043,8.673617379884035e-17,3.0,4.0,1.0
2026-09-11,GOOGL,0.3625,0.6,0.5180664601601392,0.012472191289246565,1.0,6.0,5.0
2026-09-11,NVDA,0.0875,0.1,0.4189698250300543,0.006123724356958031,3.0,4.0,1.0
2026-09-11,QQQ,0.2375,0.2,0.23867192066576606,0.01235982000158124,1.0,7.0,6.0
2026-09-11,SPY,0.0,0.0,0.28284271247461906,0.0244948974278318,1.0,1.0,0.0
2026-09-11,TSLA,0.3125,0.4,0.45493327611231704,0.00901060433219958,1.0,7.0,6.0
2026-09-11,^VIX,0.09999999999999999,0.0,0.458257569495584,5.551115123125783e-17,1.0,1.0,0.0
2026-09-12,AMD,0.41250000000000003,0.4,0.37961446607992017,0.018595915646204518,1.0,6.0,5.0
2026-09-12,COST,0.08750000000000001,0.15000000000000002,0.22951812875799468,5.551115123125783e-17,2.0,6.0,4.0
2026-09-12,GOOGL,0.2,0.2,0.35456210417116735,0.0031180478223116893,1.0,5.0,4.0
2026-09-12,NVDA,0.28750000000000003,0.4,0.35228843701879126,9.367506770274758e-17,2.0,5.0,3.0
2026-09-12,QQQ,-0.10000000000000002,0.15000000000000002,0.521536192416212,7.864079757761526e-17,2.0,4.0,2.0
2026-09-12,TSLA,0.012500000000000011,0.25,0.4611708700997619,9.71445146547012e-17,3.0,5.0,2.0
2026-09-12,^VIX,-0.25,-0.25,0.07071067811865474,0.11372481406154655,2.0,0.0,-2.0
2026-09-13,AMD,0.19999999999999996,0.3,0.5567764362830022,0.027044638501018393,1.0,2.0,1.0
2026-09-13,COST,0.025,0.05,0.17078251276599332,0.011055415967851367,1.0,2.0,1.0
2026-09-13,GOOGL,0.4625,0.5,0.32486260832190933,0.009010604332199617,1.0,7.0,6.0
2026-09-13,NVDA,0.20000000000000004,0.2,0.2,0.016329931618554543,0.0,2.0,2.0
2026-09-13,QQQ,-0.09999999999999999,0.0,0.458257569495584,5.551115123125783e-17,1.0,1.0,0.0
2026-09-13,TSLA,0.03333333333333333,0.04999999999999999,0.3723797345005051,8.326672684688674e-17,3.0,3.0,0.0
2026-09-13,^VIX,0.30000000000000004,0.30000000000000004,0.7071067811865476,0.02449489742783189,1.0,1.0,0.0
2026-09-14,AMD,-0.2111111111111111,-0.2,0.4255715111601235,8.018277400070575e-17,6.0,2.0,-4.0
2026-09-14,COST,0.0050000000000000044,0.025,0.19783550967631897,0.0040000000000000435,4.0,5.0,1.0
2026-09-14,GOOGL,0.43,0.5,0.294580681270476,0.004422166387140615,0.0,8.0,8.0
2026-09-14,NVDA,0.1,0.1,0.31622776601683794,0.007168604389202246,2.0,4.0,2.0
2026-09-14,QQQ,-0.44999999999999996,-0.6,0.27774602993176545,0.010000000000000068,6.0,0.0,-6.0
2026-09-14,TSLA,0.05833333333333334,0.07500000000000001,0.25380438661825105,5.3198186596622086e-17,2.0,3.0,1.0
2026-09-14,^VIX,0.34285714285714286,0.3,0.26992062325273125,0.004856209060564628,0.0,6.0,6.0
2026-09-15,AMD,0.35454545454545455,0.4,0.41800391472721016,0.01180806955972607,1.0,8.0,7.0
2026-09-15,COST,0.15,0.2,0.24308621740219888,0.007842535752365983,3.0,9.0,6.0
2026-09-15,GOOGL,0.14444444444444443,0.2,0.37785946829182115,8.326672684688674e-17,4.0,5.0,1.0
2026-09-15,NVDA,0.12,0.15000000000000002,0.11352924243950935,0.0033993463423952195,0.0,6.0,6.0
2026-09-15,QQQ,-0.27499999999999997,-0.25,0.3327375628243462,0.006236095644623275,5.0,1.0,-4.0
2026-09-15,SPY,-0.5,-0.5,0.14142135623730948,0.03399346342395195,2.0,0.0,-2.0
2026-09-15,TSLA,-0.08333333333333333,-0.025,0.34267220842117097,0.011578153833537096,4.0,5.0,1.0
2026-09-15,^VIX,0.4375,0.5,0.32043497223082784,0.015304598895845399,0.0,6.0,6.0
2026-09-16,AMD,0.195,0.2,0.3634266739913583,6.38378239159465e-17,4.0,11.0,7.0
2026-09-16,COST,0.172,0.2,0.2541653005427767,0.0053508397495169975,5.0,17.0,12.0
2026-09-16,GOOGL,0.312,0.3,0.3333166662499792,0.006964417161135711,2.0,18.0,16.0
2026-09-16,NVDA,0.13846153846153847,0.0,0.25934829565959844,0.004499104680906471,3.0,12.0,9.0
2026-09-16,QQQ,0.2375,0.15,0.27222627143085004,4.85722573273506e-17,0.0,4.0,4.0
2026-09-16,SPY,-0.125,-0.2,0.3403429642777023,0.02074581456990389,2.0,1.0,-1.0
2026-09-16,TSLA,-0.04629629629629631,-0.1,0.36292771210879476,0.004619330107128381,14.0,6.0,-8.0
2026-09-16,^VIX,0.0625,0.0,0.35431019500674016,0.006236095644623277,3.0,2.0,-1.0
2026-09-17,AMD,0.21052631578947367,0.2,0.33647640967682396,0.007850844549994707,5.0,11.0,6.0
2026-09-17,COST,0.12,0.1,0.28136571693556883,0.004762192464275417,7.0,15.0,8.0
2026-09-17,GOOGL,0.07857142857142858,0.0,0.3285833729314875,0.0017817416127495448,3.0,5.0,2.0
2026-09-17,NVDA,0.24285714285714288,0.2,0.36683978597124467,0.001187827741833075,4.0,12.0,8.0
2026-09-17,QQQ,0.3625,0.5,0.4596194077712559,1.1102230246251565e-16,1.0,6.0,5.0
2026-09-17,SPY,0.075,0.0,0.4112987559751022,6.938893903907228e-17,2.0,2.0,0.0
2026-09-17,TSLA,0.028571428571428574,0.0,0.459813626840888,0.004638884469892425,6.0,5.0,-1.0
2026-09-17,^VIX,-0.16666666666666666,-0.05,0.35023801430836526,0.005665577237325368,3.0,1.0,-2.0
2026-09-18,AMD,0.27999999999999997,0.2,0.33928028399998594,0.00691660464498986,1.0,6.0,5.0
2026-09-18,COST,0.15714285714285717,0.1,0.2440500759279529,0.0024281045302823176,1.0,8.0,7.0
2026-09-18,GOOGL,0.2153846153846154,0.2,0.31844977062365176,0.0030769230769231272,1.0,8.0,7.0
2026-09-18,NVDA,0.10833333333333334,0.0,0.2466441431158124,0.0,1.0,4.0,3.0
2026-09-18,QQQ,0.3875,0.4,0.22951812875799468,0.011785113019775863,0.0,7.0,7.0
2026-09-18,SPY,0.0,0.1,0.496655480858378,0.007126966450998044,2.0,4.0,2.0
2026-09-18,TSLA,0.11666666666666665,0.1,0.31574826950748236,0.004157397096415508,2.0,6.0,4.0
2026-09-18,^VIX,0.049999999999999996,0.1,0.5431390245600108,0.03741657386773949,2.0,3.0,1.0
2026-09-19,AMD,0.23636363636363636,0.2,0.3613107451286974,0.008473768975188131,3.0,6.0,3.0
2026-09-19,COST,0.1,0.1,0.19493588689617927,0.0022676711434994035,3.0,7.0,4.0
2026-09-19,GOOGL,0.3777777777777778,0.4,0.4294699575575042,0.0027715980642771046,1.0,8.0,7.0
2026-09-19,NVDA,0.26666666666666666,0.3,0.2598076211353316,0.02188630241150752,1.0,7.0,6.0
2026-09-19,QQQ,0.2,0.15000000000000002,0.28784916685156975,0.010527707983925709,1.0,5.0,4.0
2026-09-19,SPY,0.0,0.0,0.0,0.0,0.0,0.0,0.0
2026-09-19,TSLA,0.00999999999999999,-0.05,0.2998147576235848,0.004898979485566413,5.0,4.0,-1.0
2026-09-19,^VIX,0.44999999999999996,0.44999999999999996,0.21213203435596428,8.326672684688674e-17,0.0,2.0,2.0
2026-09-20,AMD,0.18,0.1,0.3119829055146024,0.013702921723608954,2.0,6.0,4.0
2026-09-20,COST,0.028571428571428574,0.0,0.09944903161976938,1.9825411154020653e-17,2.0,6.0,4.0
2026-09-20,GOOGL,-0.009090909090909082,0.0,0.3300137738172316,0.009811603714373519,5.0,4.0,-1.0
2026-09-20,NVDA,0.29090909090909095,0.3,0.25081684733903126,7.065055611250996e-17,0.0,9.0,9.0
2026-09-20,QQQ,0.175,0.2,0.3918819064098629,0.02105541596785137,1.0,5.0,4.0
2026-09-20,SPY,0.6,0.6,,1.1102230246251565e-16,0.0,1.0,1.0
2026-09-20,TSLA,0.041666666666666664,0.1,0.33427896171076077,6.938893903907228e-17,4.0,6.0,2.0
2026-09-20,^VIX,-0.2,-0.2,,5.551115123125783e-17,1.0,0.0,-1.0
2026-09-21,AMD,0.66,0.8,0.31350552512789037,0.004928945162277184,0.0,14.0,14.0
2026-09-21,COST,0.07058823529411765,0.0,0.12631659571466125,0.008017360816493476,1.0,7.0,6.0
2026-09-21,GOOGL,0.022222222222222223,0.0,0.3387790457363994,0.01528846388751299,7.0,7.0,0.0
2026-09-21,NVDA,0.05833333333333333,0.0,0.25861952356891876,0.0038838107802945574,7.0,10.0,3.0
2026-09-21,QQQ,0.55,0.6499999999999999,0.3207134902949093,1.2836953722228372e-16,0.0,7.0,7.0
2026-09-21,SPY,-0.2,-0.2,,5.551115123125783e-17,1.0,0.0,-1.0
2026-09-21,TSLA,0.16818181818181818,0.2,0.35373700701208816,0.0056283155723246955,5.0,12.0,7.0
2026-09-21,^VIX,-0.024999999999999994,0.0,0.2434865792722759,0.010000000000000024,3.0,2.0,-1.0
2026-09-22,AMD,0.38125,0.4,0.4118555572042218,0.0015590239111558499,2.0,12.0,10.0
2026-09-22,COST,0.08888888888888888,0.0,0.23982564472816714,3.39234813079909e-17,4.0,8.0,4.0
2026-09-22,GOOGL,0.13333333333333333,0.0,0.39619401430321605,6.47630097698008e-17,4.0,4.0,0.0
2026-09-22,NVDA,-0.1,0.0,0.23094010767585033,0.004249182927993996,6.0,2.0,-4.0
2026-09-22,QQQ,0.5375,0.6,0.3159452936370925,1.2836953722228372e-16,0.0,7.0,7.0
2026-09-22,SPY,0.3,0.3,0.4242640687119285,5.551115123125783e-17,0.0,1.0,1.0
2026-09-22,TSLA,0.07333333333333333,0.3,0.4742914514856672,0.013850963810791778,7.0,8.0,1.0
2026-09-22,^VIX,-0.3375,-0.4,0.29730936268953445,0.012247448713915948,6.0,1.0,-5.0
2026-09-23,AMD,0.23750000000000002,0.1,0.39979161238491906,0.0031180478223116915,5.0,8.0,3.0
2026-09-23,COST,0.052941176470588235,0.0,0.2527786755711989,4.734774663842579e-17,6.0,8.0,2.0
2026-09-23,GOOGL,0.08499999999999999,0.0,0.3391552974515859,0.0024494897427832277,7.0,9.0,2.0
2026-09-23,NVDA,0.15714285714285717,0.1,0.2712405363721075,0.0016187363535215542,4.0,11.0,7.0
2026-09-23,QQQ,0.2625,0.4,0.5262739645035518,0.01747219128924655,2.0,5.0,3.0
2026-09-23,SPY,0.09999999999999999,0.09999999999999999,0.282842712474619,4.163336342344337e-17,1.0,1.0,0.0
2026-09-23,TSLA,0.12941176470588234,0.0,0.41648035050040616,0.00705882352941181,3.0,8.0,5.0
2026-09-23,^VIX,0.07142857142857142,0.0,0.47157284949512557,0.01703218381952852,3.0,3.0,0.0
2026-09-24,AMD,0.03333333333333333,0.0,0.36055512754639896,0.009887754983962662,2.0,4.0,2.0
2026-09-24,COST,0.21428571428571427,0.2,0.2544836041121407,1.9825411154020653e-17,1.0,5.0,4.0
2026-09-24,GOOGL,0.27499999999999997,0.35,0.39341165116545196,0.005412031881541118,3.0,8.0,5.0
2026-09-24,NVDA,0.015384615384615382,0.0,0.19513309067639728,0.0037684457581279793,3.0,5.0,2.0
2026-09-24,QQQ,0.4000000000000001,0.4,0.0,0.022662308949301338,0.0,3.0,3.0
2026-09-24,TSLA,-0.05384615384615383,0.0,0.514158510927296,0.0037684457581280287,6.0,5.0,-1.0
2026-09-24,^VIX,0.5750000000000001,0.8,0.36154430670982185,1.5265566588595902e-16,0.0,6.0,6.0
2026-09-25,AMD,0.49000000000000005,0.5,0.27668674625929507,0.008988876515698614,0.0,10.0,10.0
2026-09-25,COST,0.33571428571428574,0.4,0.38150943703852275,0.001781741612749565,2.0,10.0,8.0
2026-09-25,GOOGL,-0.029999999999999992,0.0,0.29458068127047604,0.007208483465759632,4.0,3.0,-1.0
2026-09-25,NVDA,0.19333333333333333,0.0,0.2789435853528878,3.3306690738754695e-17,0.0,6.0,6.0
2026-09-25,QQQ,0.125,0.15000000000000002,0.249284690951645,0.0050000000000000435,2.0,5.0,3.0
2026-09-25,TSLA,0.2090909090909091,0.2,0.26628760937957835,0.010189530423417841,1.0,7.0,6.0
2026-09-25,^VIX,-0.2875,-0.2,0.3090885217631258,0.036742346141747734,7.0,1.0,-6.0
