Date,Ticker,Negative,Positive,Net_Count,Avg_Intensity
2026-03-13,GOOGL,1,2,1,0.2
2026-03-13,NVDA,2,3,1,0.26666666666666666
2026-03-13,TSLA,0,1,1,0.6
2026-03-13,^VIX,1,1,0,0.0
2026-03-15,^VIX,1,0,-1,-0.8
2026-03-16,^VIX,1,1,0,-0.03333333333333333
2026-03-17,COST,1,5,4,0.6666666666666666
2026-03-17,NVDA,0,2,2,0.925
2026-03-17,^VIX,1,0,-1,-0.3
2026-03-18,COST,1,5,4,0.5166666666666667
2026-03-18,GOOGL,9,3,-6,-0.05999999999999999
2026-03-18,NVDA,5,9,4,0.24444444444444446
2026-03-18,TSLA,7,6,-1,0.20714285714285716
2026-03-18,^VIX,3,0,-3,-0.2333333333333333
2026-03-19,COST,0,3,3,0.5666666666666668
2026-03-19,GOOGL,1,9,8,0.6300000000000001
2026-03-19,NVDA,2,2,0,-0.020000000000000004
2026-03-19,TSLA,4,5,1,0.27999999999999997
2026-03-20,COST,0,1,1,0.4
2026-03-20,^VIX,2,2,0,-0.30000000000000004
2026-03-21,COST,1,4,3,0.5
2026-03-22,COST,1,2,1,0.5
2026-03-22,GOOGL,0,8,8,0.65
2026-03-22,NVDA,4,4,0,0.26
2026-03-22,TSLA,4,5,1,0.3
2026-03-22,^VIX,1,0,-1,-0.5
2026-03-23,COST,0,1,1,0.8
2026-03-23,^VIX,2,0,-2,-0.3
2026-03-24,COST,1,5,4,0.6333333333333333
2026-03-24,GOOGL,0,1,1,0.9
2026-03-24,NVDA,0,2,2,0.7
2026-03-24,TSLA,1,0,-1,-0.2
2026-03-24,^VIX,3,0,-3,-0.16666666666666666
2026-03-25,COST,0,3,3,0.6
2026-03-25,GOOGL,1,4,3,0.3875
2026-03-25,NVDA,2,3,1,0.3285714285714286
2026-03-25,TSLA,2,6,4,0.3666666666666667
2026-03-25,^VIX,2,0,-2,-0.5
2026-03-26,COST,1,7,6,0.5625
2026-03-26,GOOGL,2,0,-2,-0.65
2026-03-26,NVDA,1,0,-1,-0.1
2026-03-26,^VIX,3,0,-3,-0.43333333333333335
2026-03-27,GOOGL,3,2,-1,0.17142857142857143
2026-03-27,NVDA,4,1,-3,-0.125
2026-03-27,TSLA,7,3,-4,0.0
2026-03-27,^VIX,8,0,-8,-0.55
2026-03-28,^VIX,1,0,-1,-0.8
2026-03-29,GOOGL,1,0,-1,-0.8
2026-03-30,COST,1,7,6,0.5800000000000001
2026-03-30,GOOGL,4,8,4,0.17777777777777778
2026-03-30,NVDA,9,5,-4,-0.0062500000000000056
2026-03-30,TSLA,8,5,-3,0.049999999999999996
2026-03-30,^VIX,2,0,-2,-0.5
2026-03-31,COST,1,6,5,0.6428571428571429
2026-03-31,GOOGL,13,9,-4,0.037037037037037035
2026-03-31,NVDA,6,21,15,0.44
2026-03-31,TSLA,9,8,-1,0.1523809523809524
2026-03-31,^VIX,1,0,-1,-0.1
2026-04-01,COST,3,4,1,0.28
2026-04-01,^VIX,3,0,-3,-0.13333333333333333
2026-04-02,COST,1,1,0,0.30000000000000004
2026-04-02,GOOGL,1,6,5,0.4444444444444444
2026-04-02,NVDA,3,2,-1,0.05555555555555555
2026-04-02,TSLA,7,1,-6,-0.15555555555555556
2026-04-02,^VIX,1,0,-1,-0.8
2026-04-03,COST,1,4,3,0.5
2026-04-03,^VIX,1,0,-1,-0.1
2026-04-04,COST,1,2,1,0.3666666666666667
2026-04-04,GOOGL,4,0,-4,-0.16
2026-04-04,TSLA,2,3,1,0.27999999999999997
2026-04-05,COST,0,1,1,0.8
2026-04-05,GOOGL,3,1,-2,1.1102230246251566e-17
2026-04-05,NVDA,4,3,-1,-0.02699999999999999
2026-04-05,TSLA,2,3,1,0.23000000000000004
2026-04-05,^VIX,1,0,-1,-0.2
2026-04-06,^VIX,1,0,-1,-0.2
2026-04-07,COST,2,2,0,0.22000000000000003
2026-04-07,GOOGL,0,1,1,0.8
2026-04-07,TSLA,0,1,1,0.9
2026-04-07,^VIX,2,1,-1,-0.03333333333333333
2026-04-08,COST,3,1,-2,-0.15
2026-04-08,GOOGL,1,5,4,0.2777777777777778
2026-04-08,NVDA,3,4,1,0.24444444444444446
2026-04-08,TSLA,1,5,4,0.4625
2026-04-08,^VIX,1,3,2,0.35
